HH_Id,Last_Seasn_OwnWSeed_M,SL_No_M,Variety_Name_M,Store_Seperate_M,Seed_Storage_Place_M,Seed_Storage_Place_Othr_M,Seed_Storage_Prob_M,Seed_Storage_Prob_Othr_M,Seed_Disease_Prob_M,Seed_Disease_Prob_M,Seed_Replace_freq_M,SeedVar_Unique_Chara_M,SeedVar_Unique_Chara_Othr_M,Additional_Variety_M
245,1,1,Kekeba,1,1, ,1, ,2, ,3,1, ,2
246,1,1,KEKEBA,1,1, ,2, ,5, ,4,1, ,2
247,1,1,kekeba,1,1, ,2, ,1, ,1,6, ,2
251,1,1,KEKEBA,1,1, ,3, ,2, ,3,1, ,2
252,1,1,QUBESA,1,1, ,2, ,1, ,1,8, ,2
253,,, ,,, ,, ,, ,,, ,
255,1,1,KEKEBA,1,1, ,2, ,1, ,5,2, ,2
256,1,1,KEKEBA,1,2, ,1, ,1, ,3,1, ,2
257,1,1,KEKEBA,1,1, ,2, ,5, ,6,1, ,2
258,1,1,kekeba,1,3, ,1, ,1, ,1,6, ,2
383,0,, ,,, ,, ,, ,,, ,
385,0,, ,,, ,, ,, ,,, ,
386,0,, ,,, ,, ,, ,,, ,
388,0,, ,,, ,, ,, ,,, ,
389,1,1,KEKEBA,1,1, ,3, ,1, ,3,1, ,2
390,0,, ,,, ,, ,, ,,, ,
391,1,1,KEKEBA,0,1, ,3, ,1, ,1,4, ,1
391,1,2,KEKEBA,0,1, ,3, ,1, ,1,4, ,2
392,1,1,KEKEBA,1,1, ,1, ,1, ,3,1, ,2
393,1,1,KEKEBA,1,1, ,3, ,5, ,2,1, ,2
394,1,1,KEKEBA,1,1, ,1, ,1, ,4,1, ,2
395,0,, ,,, ,, ,, ,,, ,
529,1,1,DIGELU,1,1, ,1, ,1, ,3,1, ,2
531,0,, ,,, ,, ,, ,,, ,
532,1,1,DIGELU,0,1, ,1, ,1, ,3,3, ,2
533,0,, ,,, ,, ,, ,,, ,
535,,, ,,, ,, ,, ,,, ,
536,1,1,DENDEHA,1,1, ,3, ,3, ,3,1, ,2
537,1,1,SHIMIT (LOCAL NAME),1,1, ,3, ,1, ,4,3, ,2
538,0,, ,,, ,, ,, ,,, ,
539,1,1,DENDEA,1,1, ,3, ,1, ,4,1, ,2
561,1,1,HEDASE,1,1, ,3, ,1, ,1,3, ,2
563,1,1,Danda(osma),0,1, ,1, ,2, ,3,1, ,2
564,1,1,GLOBAL,1,1, ,3, ,1, ,1,4, ,2
565,1,1,DIGELU,1,1, ,2, ,2, ,4,1, ,2
567,1,1,SASE,1,1, ,1, ,1, ,3,1, ,1
567,1,2,HIDASE,1,1, ,1, ,1, ,3,1, ,2
568,1,1,HIDASSIE,1,1, ,1, ,1, ,2,1, ,2
569,1,1,HIDASSIE,1,1, ,1, ,1, ,2,1, ,2
570,1,1,DIGELU,1,1, ,3, ,1, ,3,1, ,2
571,1,1,dendea,1,3, ,3, ,1, ,1,1, ,2
572,0,, ,,, ,, ,, ,,, ,
573,1,1,hedasse,1,4, ,3, ,1, ,1,1, ,2
574,1,1,DENDEHA,1,1, ,3, ,5, ,4,1, ,2
575,1,1,DENDEHA,1,1, ,3, ,5, ,4,1, ,2
576,1,1,DENDEHA,1,1, ,3, ,5, ,3,1, ,2
943,0,, ,,, ,, ,, ,,, ,
944,1,1,DEDEA,1,1, ,3, ,1, ,3,1, ,2
945,0,, ,,, ,, ,, ,,, ,
946,1,1,DENDEHA,1,1, ,3, ,1, ,3,1, ,2
948,1,1,Denda,1,1, ,1, ,2, ,3,1, ,1
948,1,2,Hidase,1,1, ,1, ,2, ,2,1, ,2
949,1,1,HEDASE,1,1, ,3, ,1, ,1,3, ,2
951,1,1,DENDA,1,1, ,1, ,1, ,3,9, ,2
952,0,, ,,, ,, ,, ,,, ,
956,1,1,dendea,1,1, ,3, ,1, ,1,1, ,2
957,1,1,Dendea,1,1, ,3, ,2, ,3,1, ,1
957,1,2,Hidase,1,1, ,3, ,2, ,3,1, ,2
958,0,, ,,, ,, ,, ,,, ,
959,0,, ,,, ,, ,, ,,, ,
960,1,1,digelo,1,1, ,3, ,1, ,1,3, ,2
961,1,1,DENDEA,1,1, ,3, ,1, ,3,1, ,2
962,0,, ,,, ,, ,, ,,, ,
963,1,1,DANFE,1,1, ,1, ,1, ,3,1, ,2
964,0,, ,,, ,, ,, ,,, ,
965,0,, ,,, ,, ,, ,,, ,
967,1,1,shemete,1,1, ,3, ,1, ,1,3, ,2
968,0,, ,,, ,, ,, ,,, ,
969,0,, ,,, ,, ,, ,,, ,
971,0,, ,,, ,, ,, ,,, ,
973,1,1,digelo,1,3, ,3, ,1, ,1,1, ,2
1047,1,1,KEKEBA,1,1, ,1, ,1, ,4,2, ,2
1048,0,, ,,, ,, ,, ,,, ,
1049,1,1,DANFE,0,1, ,3, ,1, ,1,3, ,2
1050,1,1,KEKEBA,1,1, ,4, ,5, ,3,1, ,2
1051,1,1,KEKEBA,1,1, ,2, ,1, ,4,1, ,2
1052,1,1,kekeba,1,1, ,2, ,1, ,1,6, ,2
1055,1,1,kekeba,1,3, ,3, ,1, ,1,1, ,2
1056,,, ,,, ,, ,, ,,, ,
1057,1,1,KEKEBA,1,1, ,1, ,1, ,5,1, ,2
1058,1,1,KEKEBA,1,1, ,2, ,1, ,3,1, ,2
1059,1,1,Unknown Improved Seed,1,1, ,1, ,2, ,2,1, ,2
1060,1,1,KEKEBA,1,1, ,2, ,1, ,3,1, ,2
1117,0,, ,,, ,, ,, ,,, ,
1118,,, ,,, ,, ,, ,,, ,
1120,0,, ,,, ,, ,, ,,, ,
1121,0,, ,,, ,, ,, ,,, ,
1122,1,1,DASHEN,1,1, ,2, ,1, ,4,1, ,2
1124,,, ,,, ,, ,, ,,, ,
1127,0,, ,,, ,, ,, ,,, ,
1131,0,, ,,, ,, ,, ,,, ,
1344,1,1,DANFE,1,1, ,3, ,1, ,1,3, ,2
1346,1,1,danfe,1,1, ,3, ,1, ,1,1, ,2
1347,,, ,,, ,, ,, ,,, ,
1349,1,1,DANFE,1,1, ,3, ,1, ,3,1, ,2
1350,0,, ,,, ,, ,, ,,, ,
1352,1,1,DANFE,0,1, ,1, ,1, ,3,6, ,2
1354,0,, ,,, ,, ,, ,,, ,
1356,1,1,DANFE,1,1, ,1, ,1, ,4,1, ,2
1357,1,1,DANFE,1,1, ,1, ,1, ,5,1, ,2
1358,1,1,HIDASSIE,1,1, ,1, ,1, ,3,6, ,2
1359,1,1,danfe,1,1, ,3, ,1, ,1,1, ,2
1379,1,1,DENDA,1,1, ,1, ,1, ,3,1, ,2
1380,1,1,DENDEA,1,1, ,3, ,1, ,4,1, ,2
1381,,, ,,, ,, ,, ,,, ,
1382,1,1,DENDEHA,1,1, ,3, ,1, ,3,1, ,2
1383,1,1,DASHEN,1,1, ,1, ,1, ,3,1, ,2
1385,1,1,DENDEA,1,1, ,3, ,1, ,1,5, ,2
1386,0,, ,,, ,, ,, ,,, ,
1387,1,1,DENDEHA,1,1, ,3, ,1, ,3,1, ,2
1388,1,1,Dendea,1,1, ,3, ,2, ,3,3, ,2
1390,1,1,DIGELU,1,1, ,3, ,1, ,1,3, ,2
1391,,, ,,, ,, ,, ,,, ,
1393,1,1,digelo,0,1, ,3, ,1, ,1,1, ,2
1394,1,1,dimu,1,1, ,2, ,1, ,1,1, ,2
1396,1,1,danfe,1,3, ,2, ,1, ,1,1, ,2
1397,1,1,DANFE,1,1, ,3, ,1, ,4,4, ,2
1398,1,1,DIMO,1,1, ,3, ,1, ,1,3, ,2
1399,0,, ,,, ,, ,, ,,, ,
1400,0,, ,,, ,, ,, ,,, ,
1502,1,1,DANFE,1,1, ,1, ,1, ,3,1, ,2
1504,,, ,,, ,, ,, ,,, ,
1505,1,1,DANFE,1,1, ,2, ,5, ,3,3, ,2
1506,0,, ,,, ,, ,, ,,, ,
1507,1,1,DANFE,0,1, ,1, ,1, ,3,1, ,2
1508,1,1,DANFE,1,1, ,2, ,1, ,4,1, ,2
1509,1,1,danfe,1,1, ,2, ,1, ,1,1, ,2
1559,0,, ,,, ,, ,, ,,, ,
1561,1,1,KEKEBA,1,1, ,2, ,5, ,3,1, ,2
1562,1,1,kekeba,1,1, ,2, ,3, ,1,7, ,2
1563,0,, ,,, ,, ,, ,,, ,
1895,1,1,kekeba,1,3, ,2, ,1, ,1,1, ,2
1897,1,1,KEKEBA,0,3, ,2, ,1, ,1,3, ,2
1899,1,1,AWAKUGN(LOCAL NAME),1,1, ,2, ,1, ,4,1, ,2
1923,0,, ,,, ,, ,, ,,, ,
1925,0,, ,,, ,, ,, ,,, ,
1926,0,, ,,, ,, ,, ,,, ,
1930,1,1,DANFE,1,1, ,1, ,1, ,2,1, ,2
1931,0,, ,,, ,, ,, ,,, ,
1932,0,, ,,, ,, ,, ,,, ,
1933,0,, ,,, ,, ,, ,,, ,
1934,1,1,DANFE,0,1, ,3, ,1, ,1,1, ,2
1935,1,1,DANFE,0,1, ,3, ,1, ,1,3, ,2
1936,,, ,,, ,, ,, ,,, ,
1938,1,1,KEKEBA,1,1, ,2, ,1, ,3,1, ,2
1942,,, ,,, ,, ,, ,,, ,
1944,0,, ,,, ,, ,, ,,, ,
1945,0,, ,,, ,, ,, ,,, ,
1947,1,1,Don't know (Local seed),0,1, ,3, ,2, ,2,8, ,2
1949,0,, ,,, ,, ,, ,,, ,
1950,1,1,KEKEBA,1,1, ,1, ,1, ,4,6, ,2
1951,0,, ,,, ,, ,, ,,, ,
1952,1,1,kekeba,1,1, ,2, ,1, ,1,1, ,2
1953,1,1,KEKEBA,1,1, ,2, ,1, ,2,1, ,2
1954,0,, ,,, ,, ,, ,,, ,
1955,0,, ,,, ,, ,, ,,, ,
1957,0,, ,,, ,, ,, ,,, ,
1960,1,1,digelo,1,1, ,2, ,1, ,1,1, ,2
1961,0,, ,,, ,, ,, ,,, ,
1962,1,1,global,1,3, ,1, ,1, ,1,1, ,2
1963,0,, ,,, ,, ,, ,,, ,
1965,,, ,,, ,, ,, ,,, ,
1966,,, ,,, ,, ,, ,,, ,
1967,0,, ,,, ,, ,, ,,, ,
1968,1,1,DASHEN,1,1, ,1, ,1, ,5,1, ,1
1968,1,2,DASHEN,1,1, ,1, ,1, ,4,1, ,2
1969,0,, ,,, ,, ,, ,,, ,
1975,,, ,,, ,, ,, ,,, ,
1976,0,, ,,, ,, ,, ,,, ,
1978,0,, ,,, ,, ,, ,,, ,
1980,0,, ,,, ,, ,, ,,, ,
1991,0,, ,,, ,, ,, ,,, ,
1992,1,1,kekeba,1,1, ,3, ,1, ,1,6, ,2
1993,0,, ,,, ,, ,, ,,, ,
1994,1,1,kekeba,1,3, ,3, ,1, ,1,1, ,2
1995,1,1,KEKEBA,0,1, ,1, ,1, ,5,1, ,2
1996,1,1,KEKEBA,0,1, ,3, ,1, ,1,3, ,2
1997,0,, ,,, ,, ,, ,,, ,
1999,1,1,KEKEBA,1,1, ,3, ,1, ,3,1, ,2
2000,0,, ,,, ,, ,, ,,, ,
2020,1,1,bulga,1,1, ,2, ,1, ,1,1, ,2
2021,1,1,Mekodie,1,1, ,3, ,2, ,2,1, ,2
2023,1,1,BULGA,1,1, ,1, ,1, ,4,1, ,2
2025,1,1,BULGA,1,1, ,2, ,1, ,3,1, ,2
2026,1,1,BULGA,0,1, ,3, ,1, ,1,3, ,2
2027,0,, ,,, ,, ,, ,,, ,
2031,1,1,BULGA,0,1, ,3, ,1, ,1,3, ,2
2032,1,1,BULGA,0,1, ,3, ,1, ,1,3, ,2
2033,0,, ,,, ,, ,, ,,, ,
2085,1,1,DK(SHORT IN HIGHT),1,1, ,1, ,1, ,3,1, ,2
2086,1,1,KEKEBA,1,1, ,3, ,1, ,1,3, ,2
2088,0,, ,,, ,, ,, ,,, ,
2089,0,, ,,, ,, ,, ,,, ,
2093,1,1,KEKEBA,1,1, ,2, ,5, ,3,1, ,2
2094,,, ,,, ,, ,, ,,, ,
2095,1,1,KEKEBA,1,1, ,3, ,2, ,3,1, ,2
2096,1,1,KEKEBA,1,1, ,1, ,1, ,5,1, ,2
2097,1,1,KEKEBA,1,1, ,1, ,1, ,5,1, ,2
2098,0,, ,,, ,, ,, ,,, ,
2099,1,1,KEKEBA,1,1, ,2, ,1, ,3,1, ,2
4001,,, ,,, ,, ,, ,,, ,
4002,0,, ,,, ,, ,, ,,, ,
4003,1,1,KEKEBA,1,1, ,2, ,1, ,5,6, ,2
4004,1,1,DANFE,1,1, ,3, ,1, ,3,1, ,2
4005,0,, ,,, ,, ,, ,,, ,
4006,0,, ,,, ,, ,, ,,, ,
4007,1,1,DANFE,1,1, ,1, ,1, ,2,1, ,2
4008,0,, ,,, ,, ,, ,,, ,
4009,1,1,Bulga,0,1, ,2, ,2, ,5,1, ,2
4010,1,1,BULIGA(LOCAL NAME),1,1, ,2, ,1, ,4,2, ,2
4011,1,1,DANFE,0,1, ,1, ,1, ,5,2, ,2
4012,1,1,DANFE,0,2, ,2, ,5, ,6,2, ,2
4013,0,, ,,, ,, ,, ,,, ,
4014,1,1,KEKEBA,0,1, ,3, ,1, ,1,3, ,2
4015,1,1,KEKEBA,1,1, ,3, ,1, ,1,3, ,2
4016,1,1,KEKEBA,1,1, ,2, ,1, ,4,1, ,2
4017,1,1,kekeba,1,1, ,2, ,1, ,1,1, ,2
4018,1,1,KEKEBA,1,1, ,2, ,1, ,1,3, ,2
4019,1,1,KeKeba,1,1, ,3, ,2, ,3,1, ,2
4020,1,1,KEKEBA,1,1, ,2, ,5, ,3,1, ,2
4021,,, ,,, ,, ,, ,,, ,
4022,1,1,KEKEBA,1,1, ,2, ,1, ,2,1, ,2
4023,1,1,SEWMEHON,1,1, ,1, ,1, ,2,1, ,2
4024,0,, ,,, ,, ,, ,,, ,
4025,0,, ,,, ,, ,, ,,, ,
4026,,, ,,, ,, ,, ,,, ,
4027,1,1,DANFE,0,1, ,1, ,1, ,3,1, ,2
4028,1,1,DANFE,1,1, ,3, ,1, ,4,1, ,2
4029,1,1,DIGALO,1,1, ,3, ,1, ,1,3, ,2
4030,0,, ,,, ,, ,, ,,, ,
4031,0,, ,,, ,, ,, ,,, ,
4032,0,, ,,, ,, ,, ,,, ,
4033,0,, ,,, ,, ,, ,,, ,
4034,0,, ,,, ,, ,, ,,, ,
4035,1,1,DANFE,1,1, ,3, ,1, ,3,1, ,2
4036,,, ,,, ,, ,, ,,, ,
4037,0,, ,,, ,, ,, ,,, ,
4038,,, ,,, ,, ,, ,,, ,
4039,1,1,DANFE,1,1, ,3, ,1, ,2,1, ,2
4040,0,, ,,, ,, ,, ,,, ,
4041,0,, ,,, ,, ,, ,,, ,
4042,1,1,DSNDA,1,1, ,1, ,1, ,5,1, ,2
4043,1,1,DENDEA,1,1, ,3, ,1, ,1,3, ,2
4044,1,1,DENDEHA,1,1, ,3, ,1, ,3,1, ,2
4045,0,, ,,, ,, ,, ,,, ,
4046,0,, ,,, ,, ,, ,,, ,
4047,1,1,Dendea,1,1, ,3, ,2, ,4,1, ,2
4048,1,1,DENDEA,1,1, ,3, ,1, ,3,1, ,2
98,0,, ,,, ,, ,, ,,, ,
99,0,, ,,, ,, ,, ,,, ,
100,0,, ,,, ,, ,, ,,, ,
101,0,, ,,, ,, ,, ,,, ,
102,0,, ,,, ,, ,, ,,, ,
103,0,, ,,, ,, ,, ,,, ,
260,1,1,DENDEA,0,1, ,1, ,1, ,3,1, ,2
261,0,, ,,, ,, ,, ,,, ,
262,,, ,,, ,, ,, ,,, ,
263,1,1,DENDEA,0,1, ,1, ,1, ,5,1, ,2
264,1,1,SHEMAME,1,1, ,1, ,1, ,1,1, ,2
266,0,, ,,, ,, ,, ,,, ,
267,1,1,SHAMAME,1,1, ,1, ,1, ,1,3, ,2
269,0,, ,,, ,, ,, ,,, ,
270,0,, ,,, ,, ,, ,,, ,
271,1,1,DEANDEA,1,1, ,1, ,1, ,1,2, ,2
272,0,, ,,, ,, ,, ,,, ,
273,1,1,SHAMAME,1,1, ,1, ,1, ,1,3, ,2
275,1,1,DIGALU,0,1, ,1, ,1, ,4,3, ,2
276,1,1,DEANDEA,1,1, ,3, ,1, ,1,1, ,2
277,,, ,,, ,, ,, ,,, ,
278,1,1,KOMOCHERI,1,1, ,1, ,1, ,1,1, ,2
279,1,1,DIGELU,1,1, ,1, ,1, ,1,1, ,2
280,1,1,Digelu,1,1, ,1, ,1, ,1,1, ,2
281,1,1,HIDASIE,1,1, ,1, ,1, ,1,1, ,2
282,1,1,Digelu,1,1, ,1, ,1, ,1,1, ,2
283,1,1,HIDASSIE,1,1, ,1, ,1, ,1,1, ,2
285,0,, ,,, ,, ,, ,,, ,
286,0,, ,,, ,, ,, ,,, ,
287,,, ,,, ,, ,, ,,, ,
289,0,, ,,, ,, ,, ,,, ,
290,0,, ,,, ,, ,, ,,, ,
292,1,1,DIGELU,1,1, ,1, ,1, ,1,1, ,2
293,0,, ,,, ,, ,, ,,, ,
295,1,1,KEKEBA,1,1, ,1, ,1, ,3,1, ,2
296,1,1,kakaba,1,1, ,3, ,1, ,1,6, ,2
297,1,1,kakaba,1,1, ,3, ,1, ,1,1, ,2
299,0,, ,,, ,, ,, ,,, ,
301,1,1,MANGUDO,1,1, ,1, ,1, ,3,1, ,2
302,1,1,DENDEA,0,1, ,1, ,1, ,2,1, ,2
303,,, ,,, ,, ,, ,,, ,
304,1,1,Mangudo,1,1, ,1, ,1, ,1,1, ,2
305,1,1,Danda'a,1,1, ,1, ,1, ,1,1, ,2
307,1,1,Manigudo,1,1, ,3, ,1, ,1,5, ,2
308,1,1,DENDEA,1,1, ,1, ,1, ,3,1, ,2
309,0,, ,,, ,, ,, ,,, ,
310,0,, ,,, ,, ,, ,,, ,
311,1,1,Danda'a,1,1, ,1, ,1, ,1,1, ,2
490,,, ,,, ,, ,, ,,, ,
491,0,, ,,, ,, ,, ,,, ,
492,0,, ,,, ,, ,, ,,, ,
493,0,, ,,, ,, ,, ,,, ,
494,0,, ,,, ,, ,, ,,, ,
518,0,, ,,, ,, ,, ,,, ,
520,,, ,,, ,, ,, ,,, ,
521,0,, ,,, ,, ,, ,,, ,
522,0,, ,,, ,, ,, ,,, ,
523,0,, ,,, ,, ,, ,,, ,
577,0,, ,,, ,, ,, ,,, ,
580,0,, ,,, ,, ,, ,,, ,
581,0,, ,,, ,, ,, ,,, ,
583,1,1,DENDA'A,1,1, ,1, ,1, ,1,1, ,2
584,0,, ,,, ,, ,, ,,, ,
585,0,, ,,, ,, ,, ,,, ,
586,1,1,DIGELU,0,1, ,1, ,1, ,1,1, ,2
587,1,1,KUBSA,1,1, ,1, ,1, ,1,1, ,2
588,0,, ,,, ,, ,, ,,, ,
589,1,1,DIGELU,1,1, ,1, ,1, ,1,1, ,2
590,1,1,DENDA'A,1,1, ,1, ,1, ,1,1, ,2
591,0,, ,,, ,, ,, ,,, ,
718,1,1,DENDEA,1,1, ,1, ,1, ,4,1, ,2
719,0,, ,,, ,, ,, ,,, ,
720,0,, ,,, ,, ,, ,,, ,
721,1,1,DE NDA'A,0,1, ,1, ,1, ,1,1, ,2
722,0,, ,,, ,, ,, ,,, ,
723,0,, ,,, ,, ,, ,,, ,
724,0,, ,,, ,, ,, ,,, ,
725,0,, ,,, ,, ,, ,,, ,
726,0,, ,,, ,, ,, ,,, ,
727,0,, ,,, ,, ,, ,,, ,
728,1,1,DENDEA,0,1, ,1, ,1, ,4,1, ,2
729,1,1,DENDA''A,0,1, ,1, ,1, ,1,2, ,2
801,0,, ,,, ,, ,, ,,, ,
802,,, ,,, ,, ,, ,,, ,
803,1,1,DENDA'A,1,1, ,1, ,1, ,1,1, ,2
805,1,1,KAKEBA,1,1, ,3, ,1, ,1,1, ,2
806,0,, ,,, ,, ,, ,,, ,
807,0,, ,,, ,, ,, ,,, ,
808,,, ,,, ,, ,, ,,, ,
809,1,1,KEKEBA,0,1, ,1, ,1, ,1,1, ,2
810,0,, ,,, ,, ,, ,,, ,
812,0,, ,,, ,, ,, ,,, ,
813,0,, ,,, ,, ,, ,,, ,
814,1,1,DEANDEA,1,1, ,1, ,1, ,1,1, ,2
816,0,, ,,, ,, ,, ,,, ,
1158,1,1,DENDEA,1,1, ,1, ,1, ,2,1, ,2
1159,,, ,,, ,, ,, ,,, ,
1163,0,, ,,, ,, ,, ,,, ,
1164,0,, ,,, ,, ,, ,,, ,
1165,1,1,DENDA'A,0,1, ,1, ,1, ,1,1, ,2
1166,1,1,DEANDEA,1,1, ,3, ,1, ,1,1, ,2
1167,1,1,DEANDEA,1,1, ,1, ,1, ,1,1, ,2
1168,1,1,DANDAA,0,2, ,1, ,1, ,4,1, ,2
1169,0,, ,,, ,, ,, ,,, ,
1170,1,1,DENDA'A,0,1, ,1, ,1, ,1,2, ,2
1171,1,1,DEANDEA,1,3, ,1, ,1, ,1,1, ,2
1174,0,, ,,, ,, ,, ,,, ,
1253,0,, ,,, ,, ,, ,,, ,
1254,0,, ,,, ,, ,, ,,, ,
1255,0,, ,,, ,, ,, ,,, ,
1257,,, ,,, ,, ,, ,,, ,
1258,0,, ,,, ,, ,, ,,, ,
1259,,, ,,, ,, ,, ,,, ,
1260,0,, ,,, ,, ,, ,,, ,
1261,,, ,,, ,, ,, ,,, ,
1262,1,1,KEKEBA,1,1, ,1, ,1, ,3,1, ,2
1263,1,1,KEKEBA,1,1, ,1, ,2, ,3,8, ,2
1264,,, ,,, ,, ,, ,,, ,
1265,0,, ,,, ,, ,, ,,, ,
1266,0,, ,,, ,, ,, ,,, ,
1267,0,, ,,, ,, ,, ,,, ,
1268,1,1,PAVEL,1,1, ,1, ,1, ,3,1, ,2
1269,1,1,KEKEBA,1,1, ,1, ,1, ,3,1, ,2
1336,1,1,KAKABA,1,1, ,4, ,1, ,1,1, ,2
1337,1,1,KAKABA,1,1, ,3, ,1, ,1,1, ,2
1339,1,1,KEKEBA,1,1, ,1, ,1, ,1,1, ,2
1340,1,1,KEKEBA,1,1, ,1, ,1, ,1,1, ,2
1341,,, ,,, ,, ,, ,,, ,
1342,1,1,DEANDEA,1,1, ,3, ,1, ,1,1, ,2
1416,0,, ,,, ,, ,, ,,, ,
1418,,, ,,, ,, ,, ,,, ,
1420,0,, ,,, ,, ,, ,,, ,
1421,,, ,,, ,, ,, ,,, ,
1424,1,1,OBSA,1,1, ,1, ,1, ,1,1, ,2
1425,1,1,LEGAM,1,1, ,1, ,1, ,1,1, ,2
1430,0,, ,,, ,, ,, ,,, ,
1431,1,1,MISOMA,0,1, ,1, ,1, ,1,1, ,2
1433,0,, ,,, ,, ,, ,,, ,
1453,1,1,SHORIMA,1,1, ,4, ,3, ,1,4, ,2
1454,1,1,komachare,1,1, ,1, ,1, ,1,1, ,2
1455,1,1,Hidase,1,1, ,1, ,1, ,1,8, ,2
1456,0,, ,,, ,, ,, ,,, ,
1458,1,1,SHORIMA,1,1, ,4, ,2, ,1,1, ,2
1459,1,1,SHORIMA,1,1, ,1, ,1, ,1,1, ,2
1460,1,1,LELISE,1,1, ,3, ,1, ,1,3, ,2
1461,1,1,Hidase,1,1, ,1, ,1, ,1,1, ,2
1462,,, ,,, ,, ,, ,,, ,
1463,0,, ,,, ,, ,, ,,, ,
1464,,, ,,, ,, ,, ,,, ,
1465,1,1,HIDASE,1,1, ,1, ,1, ,1,1, ,2
1466,1,1,SHORIMA,1,1, ,4, ,3, ,1,4, ,2
1512,,, ,,, ,, ,, ,,, ,
1514,1,1,MISOMA,1,1, ,1, ,1, ,1,1, ,2
1515,1,1,MOSOMA,1,1, ,4, ,1, ,1,3, ,2
1516,0,, ,,, ,, ,, ,,, ,
1517,1,1,OBSA,1,1, ,1, ,1, ,1,8, ,2
1518,1,1,KING BIRD,1,1, ,3, ,1, ,1,4, ,2
1521,1,1,MISOMA,1,1, ,1, ,1, ,1,3, ,2
1522,1,1,MISOMA,1,1, ,1, ,1, ,1,4, ,2
1525,1,1,MISOMA,1,1, ,1, ,1, ,1,1, ,2
1526,1,1,MISOMA,1,1, ,4, ,1, ,1,1, ,2
1527,1,1,DENDA'A,0,1, ,1, ,1, ,1,1, ,2
1528,1,1,MISOMA,1,1, ,1, ,1, ,1,1, ,2
1529,0,, ,,, ,, ,, ,,, ,
1530,0,, ,,, ,, ,, ,,, ,
1531,1,1,OBSA,1,1, ,1, ,1, ,1,1, ,2
1533,0,, ,,, ,, ,, ,,, ,
1534,0,, ,,, ,, ,, ,,, ,
1535,1,1,KEKEBA,1,1, ,1, ,1, ,2,1, ,2
1536,0,, ,,, ,, ,, ,,, ,
1539,0,, ,,, ,, ,, ,,, ,
1540,0,, ,,, ,, ,, ,,, ,
1542,1,1,Kakaba,1,1, ,1, ,1, ,1,1, ,2
1543,1,1,KUBSA,1,1, ,1, ,1, ,3,1, ,2
1545,1,1,Kakaba,1,1, ,1, ,1, ,1,1, ,2
1546,1,1,KEKEBA,1,1, ,1, ,1, ,3,1, ,2
1548,1,1,KEKEBA,1,1, ,1, ,1, ,3,1, ,2
1549,1,1,Kakaba,1,1, ,1, ,1, ,1,1, ,2
1551,1,1,KEKEBA,1,1, ,1, ,1, ,3,1, ,2
1552,1,1,Kakaba,1,1, ,1, ,1, ,1,1, ,2
1553,1,1,KEKEBA,1,1, ,1, ,1, ,3,1, ,2
1554,0,, ,,, ,, ,, ,,, ,
1556,,, ,,, ,, ,, ,,, ,
1580,1,1,Kakaba,1,1, ,1, ,1, ,1,1, ,2
1581,0,, ,,, ,, ,, ,,, ,
1582,1,1,KEKEBA,1,1, ,1, ,1, ,3,1, ,2
1583,0,, ,,, ,, ,, ,,, ,
1585,1,1,DENDEA,1,1, ,1, ,1, ,4,2, ,2
1586,1,1,Kakaba,1,1, ,1, ,1, ,1,1, ,2
1587,1,1,Kakaba,1,1, ,1, ,1, ,1,1, ,2
1589,1,1,Kakaba,1,1, ,1, ,1, ,1,1, ,2
1590,1,1,Kakaba,1,1, ,1, ,1, ,1,1, ,2
1591,0,, ,,, ,, ,, ,,, ,
1593,0,, ,,, ,, ,, ,,, ,
1611,1,1,KUBSA,1,1, ,1, ,1, ,2,1, ,2
1612,1,1,KEKEBA,0,1, ,3, ,1, ,3,1, ,2
1614,0,, ,,, ,, ,, ,,, ,
1615,0,, ,,, ,, ,, ,,, ,
1616,0,, ,,, ,, ,, ,,, ,
1620,1,1,Kakaba,1,1, ,3, ,1, ,1,1, ,2
1622,0,, ,,, ,, ,, ,,, ,
1623,1,1,KUBSSA,1,1, ,3, ,1, ,2,3, ,2
1624,0,, ,,, ,, ,, ,,, ,
1626,,, ,,, ,, ,, ,,, ,
1627,0,, ,,, ,, ,, ,,, ,
1628,0,, ,,, ,, ,, ,,, ,
1629,0,, ,,, ,, ,, ,,, ,
1630,1,1,DENDA'A,1,1, ,1, ,1, ,1,1, ,2
1631,0,, ,,, ,, ,, ,,, ,
1632,1,1,DENDA'A,0,1, ,1, ,1, ,1,1, ,2
1633,0,, ,,, ,, ,, ,,, ,
1634,0,, ,,, ,, ,, ,,, ,
1636,0,, ,,, ,, ,, ,,, ,
1638,0,, ,,, ,, ,, ,,, ,
1639,0,, ,,, ,, ,, ,,, ,
1640,0,, ,,, ,, ,, ,,, ,
1641,0,, ,,, ,, ,, ,,, ,
1642,0,, ,,, ,, ,, ,,, ,
1643,0,, ,,, ,, ,, ,,, ,
1644,0,, ,,, ,, ,, ,,, ,
1645,0,, ,,, ,, ,, ,,, ,
1647,,, ,,, ,, ,, ,,, ,
1648,,, ,,, ,, ,, ,,, ,
1649,0,, ,,, ,, ,, ,,, ,
1651,0,, ,,, ,, ,, ,,, ,
1652,1,1,HULUKA,1,1, ,1, ,1, ,2,1, ,1
1652,1,2,KENIYA,1,1, ,1, ,1, ,2,1, ,2
1675,0,, ,,, ,, ,, ,,, ,
1676,1,1,DIGELU,1,1, ,1, ,1, ,1,1, ,2
1681,1,1,DASHEN,1,1, ,3, ,1, ,1,1, ,2
1683,1,1,DASHEN,1,1, ,4, ,3, ,1,4, ,2
1688,1,1,Kakaba,1,1, ,1, ,1, ,1,1, ,2
1689,1,1,Kakaba,1,1, ,1, ,1, ,1,1, ,2
1690,1,1,Kakaba,1,1, ,1, ,1, ,1,1, ,2
1692,1,1,Kakaba,1,1, ,1, ,1, ,1,1, ,2
1693,1,1,Kakaba,1,1, ,1, ,1, ,1,1, ,2
1709,0,, ,,, ,, ,, ,,, ,
1710,0,, ,,, ,, ,, ,,, ,
1711,0,, ,,, ,, ,, ,,, ,
1712,0,, ,,, ,, ,, ,,, ,
1713,,, ,,, ,, ,, ,,, ,
1714,0,, ,,, ,, ,, ,,, ,
1715,1,1,Kakaba,1,1, ,1, ,1, ,1,1, ,2
1716,0,, ,,, ,, ,, ,,, ,
1719,1,1,Kakaba,1,1, ,1, ,1, ,1,1, ,2
1721,0,, ,,, ,, ,, ,,, ,
1722,1,1,Kakaba,1,1, ,1, ,1, ,1,1, ,2
1723,1,1,Kakaba,1,1, ,1, ,1, ,1,1, ,2
1724,1,1,Kakaba,1,1, ,1, ,1, ,1,1, ,2
1725,1,1,Kakaba,1,1, ,1, ,1, ,1,1, ,2
1726,1,1,Kakaba,1,1, ,1, ,1, ,1,1, ,2
1802,1,1,kakaba,1,1, ,3, ,1, ,1,1, ,2
1803,,, ,,, ,, ,, ,,, ,
1805,1,1,Hawi,1,1, ,1, ,1, ,1,1, ,2
1806,,, ,,, ,, ,, ,,, ,
1807,1,1,Ogolocho,1,1, ,1, ,1, ,1,1, ,2
1808,,, ,,, ,, ,, ,,, ,
1809,1,1,Hawi,1,1, ,1, ,1, ,1,1, ,2
1810,1,1,Kakaba,1,1, ,1, ,1, ,1,1, ,2
1811,1,1,Hawi,1,1, ,1, ,1, ,1,1, ,2
1812,1,1,Enikibard,1,1, ,3, ,1, ,1,1, ,2
1813,1,1,Ogolicho,1,1, ,3, ,1, ,1,1, ,2
1814,1,1,kakaba,1,1, ,3, ,2, ,1,1, ,2
1815,1,1,Hawi,1,1, ,3, ,1, ,1,4, ,2
1816,1,1,Hawi,1,1, ,3, ,1, ,1,1, ,2
1817,,, ,,, ,, ,, ,,, ,
1818,1,1,Ogolocho,1,1, ,1, ,1, ,1,1, ,2
1819,1,1,Hawi,1,1, ,3, ,1, ,1,1, ,2
1820,0,, ,,, ,, ,, ,,, ,
1822,0,, ,,, ,, ,, ,,, ,
1823,,, ,,, ,, ,, ,,, ,
1826,0,, ,,, ,, ,, ,,, ,
1827,0,, ,,, ,, ,, ,,, ,
1830,1,1,Kakaba,1,1, ,4, ,1, ,1,1, ,2
1831,,, ,,, ,, ,, ,,, ,
1834,1,1,Kakaba,1,1, ,1, ,1, ,1,1, ,2
1835,1,1,Kakaba,1,1, ,1, ,1, ,1,1, ,2
1836,1,1,kakaba,1,1, ,3, ,1, ,1,6, ,2
1837,1,1,Kakaba,1,1, ,4, ,1, ,1,1, ,2
1838,1,1,kakaba,1,1, ,3, ,1, ,1,1, ,2
1839,1,1,kakaba,1,1, ,3, ,1, ,1,1, ,2
1840,0,, ,,, ,, ,, ,,, ,
1841,1,1,Denidea,1,1, ,3, ,1, ,1,1, ,2
1842,0,, ,,, ,, ,, ,,, ,
1847,1,1,Pavani,1,1, ,4, ,1, ,1,1, ,1
1847,1,2,Hawi,1,1, ,4, ,1, ,1,1, ,2
1849,0,, ,,, ,, ,, ,,, ,
1852,0,, ,,, ,, ,, ,,, ,
1855,1,1,Pavani,1,1, ,3, ,1, ,1,1, ,2
1857,1,1,Pavani,1,1, ,4, ,1, ,1,1, ,2
1858,0,, ,,, ,, ,, ,,, ,
1859,0,, ,,, ,, ,, ,,, ,
3001,0,, ,,, ,, ,, ,,, ,
3002,1,1,KEKEBA,1,1, ,2, ,1, ,1,1, ,2
3003,,, ,,, ,, ,, ,,, ,
3004,1,1,Ogolicho,1,1, ,3, ,1, ,1,1, ,2
3005,0,, ,,, ,, ,, ,,, ,
3006,0,, ,,, ,, ,, ,,, ,
3007,0,, ,,, ,, ,, ,,, ,
3008,1,1,Pavani,1,1, ,4, ,1, ,1,1, ,2
3009,1,1,Ogolocho,1,1, ,4, ,1, ,1,1, ,2
3010,0,, ,,, ,, ,, ,,, ,
3011,1,1,DENDEA,1,1, ,1, ,1, ,4,1, ,2
3012,0,, ,,, ,, ,, ,,, ,
3013,0,, ,,, ,, ,, ,,, ,
3014,0,, ,,, ,, ,, ,,, ,
3015,0,, ,,, ,, ,, ,,, ,
3016,1,1,Kakaba,1,1, ,1, ,1, ,1,1, ,2
3017,0,, ,,, ,, ,, ,,, ,
3018,0,, ,,, ,, ,, ,,, ,
3019,0,, ,,, ,, ,, ,,, ,
3020,0,, ,,, ,, ,, ,,, ,
3021,0,, ,,, ,, ,, ,,, ,
3022,1,1,Kakaba,1,1, ,1, ,1, ,1,1, ,2
3023,1,1,Kakaba,1,1, ,1, ,1, ,1,1, ,2
3024,1,1,Kakaba,1,1, ,1, ,1, ,1,1, ,2
3025,1,1,KEKEBA,1,1, ,1, ,1, ,3,1, ,2
3026,1,1,DENDA'A,0,1, ,1, ,1, ,1,1, ,2
3030,0,, ,,, ,, ,, ,,, ,
3031,1,1,Kakaba,1,1, ,1, ,1, ,1,1, ,2
3032,0,, ,,, ,, ,, ,,, ,
3033,1,1,komachare,1,1, ,1, ,1, ,1,1, ,2
3034,1,1,Digelu,1,1, ,1, ,1, ,1,1, ,2
3035,0,, ,,, ,, ,, ,,, ,
3036,1,1,SHORIMA,1,1, ,1, ,1, ,1,3, ,2
3037,0,, ,,, ,, ,, ,,, ,
3038,1,1,MISOMA,1,1, ,1, ,1, ,1,1, ,2
3039,,, ,,, ,, ,, ,,, ,
3040,1,1,MISOMA,1,1, ,1, ,1, ,1,1, ,2
3041,1,1,KING BIRD,1,1, ,4, ,2, ,1,4, ,2
3042,1,1,MISOMA,1,1, ,1, ,1, ,1,3, ,2
3043,1,1,OBSA,1,1, ,1, ,1, ,1,3, ,2
32,1,1,WANE,1,1, ,1, ,1, ,3,1, ,2
33,0,, ,,, ,, ,, ,,, ,
34,0,, ,,, ,, ,, ,,, ,
35,1,1,LEMU,1,1, ,1, ,1, ,3,1, ,1
35,1,2,LIBENI,1,1, ,1, ,1, ,3,1, ,2
36,0,, ,,, ,, ,, ,,, ,
37,0,, ,,, ,, ,, ,,, ,
38,0,, ,,, ,, ,, ,,, ,
39,0,, ,,, ,, ,, ,,, ,
40,1,1,Ogolcho,1,1, ,1, ,1, ,3,3, ,2
41,0,, ,,, ,, ,, ,,, ,
42,,, ,,, ,, ,, ,,, ,
43,0,, ,,, ,, ,, ,,, ,
44,,, ,,, ,, ,, ,,, ,
45,0,, ,,, ,, ,, ,,, ,
46,1,1,OGOLCHO,1,1, ,1, ,1, ,3,1, ,2
47,0,, ,,, ,, ,, ,,, ,
48,,, ,,, ,, ,, ,,, ,
49,0,, ,,, ,, ,, ,,, ,
68,0,, ,,, ,, ,, ,,, ,
69,0,, ,,, ,, ,, ,,, ,
70,0,, ,,, ,, ,, ,,, ,
75,0,, ,,, ,, ,, ,,, ,
76,0,, ,,, ,, ,, ,,, ,
77,1,1,DIGELU,1,1, ,1, ,2, ,1,8, ,2
78,0,, ,,, ,, ,, ,,, ,
79,1,1,DENDEYA,1,1, ,3, ,2, ,2,2, ,2
80,0,, ,,, ,, ,, ,,, ,
81,,, ,,, ,, ,, ,,, ,
82,,, ,,, ,, ,, ,,, ,
83,0,, ,,, ,, ,, ,,, ,
84,0,, ,,, ,, ,, ,,, ,
85,1,1,KEYI,1,1, ,1, ,1, ,2,3, ,2
86,0,, ,,, ,, ,, ,,, ,
87,0,, ,,, ,, ,, ,,, ,
88,1,1,OGOLCHO,1,2, ,1, ,1, ,2,3, ,1
88,1,2,LALISE,1,2, ,3, ,1, ,1,6, ,2
90,0,, ,,, ,, ,, ,,, ,
95,0,, ,,, ,, ,, ,,, ,
97,0,, ,,, ,, ,, ,,, ,
104,,, ,,, ,, ,, ,,, ,
105,0,, ,,, ,, ,, ,,, ,
106,0,, ,,, ,, ,, ,,, ,
107,0,, ,,, ,, ,, ,,, ,
108,0,, ,,, ,, ,, ,,, ,
109,0,, ,,, ,, ,, ,,, ,
110,1,1,OGOLCHO,1,2, ,1, ,1, ,2,3, ,2
111,0,, ,,, ,, ,, ,,, ,
112,0,, ,,, ,, ,, ,,, ,
113,0,, ,,, ,, ,, ,,, ,
127,1,1,DIGALU,1,1, ,1, ,1, ,2,1, ,1
127,1,2,GINDABART,1,1, ,1, ,1, ,3,1, ,2
128,1,1,DIGALU,0,1, ,1, ,1, ,2,1, ,2
130,0,, ,,, ,, ,, ,,, ,
131,1,1,DIGALU,1,1, ,1, ,1, ,3,1, ,2
132,1,1,Ogolcho,1,1, ,1, ,1, ,5,1, ,2
133,,, ,,, ,, ,, ,,, ,
134,0,, ,,, ,, ,, ,,, ,
135,0,, ,,, ,, ,, ,,, ,
136,0,, ,,, ,, ,, ,,, ,
137,0,, ,,, ,, ,, ,,, ,
138,0,, ,,, ,, ,, ,,, ,
139,0,, ,,, ,, ,, ,,, ,
140,0,, ,,, ,, ,, ,,, ,
141,0,, ,,, ,, ,, ,,, ,
143,,, ,,, ,, ,, ,,, ,
144,0,, ,,, ,, ,, ,,, ,
211,1,1,Dhaqaba,0,1, ,1, ,1, ,2,8, ,2
212,1,1,Dhaqaba,0,1, ,1, ,1, ,2,1, ,2
215,1,1,KUBSA,1,1, ,1, ,1, ,3,1, ,2
216,0,, ,,, ,, ,, ,,, ,
217,0,, ,,, ,, ,, ,,, ,
218,0,, ,,, ,, ,, ,,, ,
220,0,, ,,, ,, ,, ,,, ,
222,0,, ,,, ,, ,, ,,, ,
223,0,, ,,, ,, ,, ,,, ,
224,,, ,,, ,, ,, ,,, ,
225,,, ,,, ,, ,, ,,, ,
227,1,1,OGOLCHO,1,1, ,1, ,1, ,3,1, ,2
228,1,1,OGOLCHO,1,1, ,2, ,1, ,2,1, ,2
421,1,1,Kubsa,1,1, ,1, ,1, ,1,1, ,2
422,0,, ,,, ,, ,, ,,, ,
423,1,1,Ogolcho,1,1, ,1, ,1, ,2,4, ,2
424,1,1,OGELCHO,1,1, ,3, ,1, ,1,3, ,2
425,1,1,KUBSA,1,1, ,1, ,2, ,2,1, ,2
426,0,, ,,, ,, ,, ,,, ,
427,0,, ,,, ,, ,, ,,, ,
428,,, ,,, ,, ,, ,,, ,
429,0,, ,,, ,, ,, ,,, ,
430,0,, ,,, ,, ,, ,,, ,
431,0,, ,,, ,, ,, ,,, ,
432,0,, ,,, ,, ,, ,,, ,
433,1,1,KUBSA,0,1, ,1, ,2, ,2,1, ,2
434,1,1,Ogolcho,0,1, ,1, ,1, ,2,1, ,2
435,,, ,,, ,, ,, ,,, ,
436,0,, ,,, ,, ,, ,,, ,
454,0,, ,,, ,, ,, ,,, ,
455,0,, ,,, ,, ,, ,,, ,
456,1,1,HIDASIE,1,1, ,1, ,1, ,0,1, ,2
457,0,, ,,, ,, ,, ,,, ,
458,1,1,HIDASE,1,1, ,1, ,2, ,1,1, ,2
459,0,, ,,, ,, ,, ,,, ,
460,0,, ,,, ,, ,, ,,, ,
461,0,, ,,, ,, ,, ,,, ,
462,0,, ,,, ,, ,, ,,, ,
463,0,, ,,, ,, ,, ,,, ,
464,0,, ,,, ,, ,, ,,, ,
465,0,, ,,, ,, ,, ,,, ,
466,1,1,ASIRASIDIST(16),1,1, ,1, ,2, ,1,1, ,1
466,1,2,HIDASE,1,1, ,1, ,2, ,1,1, ,2
467,0,, ,,, ,, ,, ,,, ,
468,0,, ,,, ,, ,, ,,, ,
469,0,, ,,, ,, ,, ,,, ,
470,0,, ,,, ,, ,, ,,, ,
471,0,, ,,, ,, ,, ,,, ,
544,0,, ,,, ,, ,, ,,, ,
545,,, ,,, ,, ,, ,,, ,
547,0,, ,,, ,, ,, ,,, ,
548,0,, ,,, ,, ,, ,,, ,
549,0,, ,,, ,, ,, ,,, ,
550,,, ,,, ,, ,, ,,, ,
552,0,, ,,, ,, ,, ,,, ,
553,0,, ,,, ,, ,, ,,, ,
554,0,, ,,, ,, ,, ,,, ,
555,0,, ,,, ,, ,, ,,, ,
556,1,1,DIGALU,1,1, ,1, ,1, ,2,1, ,2
558,0,, ,,, ,, ,, ,,, ,
559,,, ,,, ,, ,, ,,, ,
651,,, ,,, ,, ,, ,,, ,
652,0,, ,,, ,, ,, ,,, ,
653,0,, ,,, ,, ,, ,,, ,
654,0,, ,,, ,, ,, ,,, ,
656,,, ,,, ,, ,, ,,, ,
657,0,, ,,, ,, ,, ,,, ,
658,0,, ,,, ,, ,, ,,, ,
659,0,, ,,, ,, ,, ,,, ,
660,1,1,OGOLCHO,1,1, ,1, ,2, ,0,1, ,2
662,1,1,LEMU,0,1, ,1, ,1, ,3,2, ,2
664,1,1,DEKEBA,1,1, ,1, ,1, ,3,1, ,2
665,0,, ,,, ,, ,, ,,, ,
667,0,, ,,, ,, ,, ,,, ,
668,0,, ,,, ,, ,, ,,, ,
670,1,1,OGOLICHO,1,1, ,1, ,1, ,3,1, ,2
671,1,1,OGOLICHO,1,1, ,1, ,1, ,2,1, ,1
671,1,2,DIGALU,1,1, ,1, ,1, ,3,1, ,2
672,1,1,OGOLICHO,1,1, ,1, ,1, ,3,1, ,2
673,,, ,,, ,, ,, ,,, ,
674,0,, ,,, ,, ,, ,,, ,
675,0,, ,,, ,, ,, ,,, ,
676,1,1,OGOLICHO,1,1, ,1, ,1, ,4,1, ,2
677,0,, ,,, ,, ,, ,,, ,
678,1,1,OGOLCHO,1,2, ,1, ,1, ,2,3, ,2
679,1,1,OGOLCHO,1,1, ,1, ,2, ,2,8, ,2
680,0,, ,,, ,, ,, ,,, ,
681,0,, ,,, ,, ,, ,,, ,
682,0,, ,,, ,, ,, ,,, ,
683,1,1,OGELCHO,0,1, ,1, ,2, ,1,1, ,2
684,0,, ,,, ,, ,, ,,, ,
685,1,1,KUBSA,0,1, ,1, ,2, ,1,3, ,2
686,1,1,OGOLCHO,1,1, ,1, ,2, ,0,1, ,2
687,0,, ,,, ,, ,, ,,, ,
689,0,, ,,, ,, ,, ,,, ,
690,0,, ,,, ,, ,, ,,, ,
691,1,1,OGOLCHO,1,1, ,1, ,2, ,1,8, ,1
691,1,2,DIGELU,1,1, ,1, ,2, ,1,1, ,2
692,0,, ,,, ,, ,, ,,, ,
693,,, ,,, ,, ,, ,,, ,
694,1,1,OGOLCHO,1,1, ,1, ,2, ,1,1, ,2
695,0,, ,,, ,, ,, ,,, ,
696,0,, ,,, ,, ,, ,,, ,
697,0,, ,,, ,, ,, ,,, ,
698,0,, ,,, ,, ,, ,,, ,
699,0,, ,,, ,, ,, ,,, ,
700,0,, ,,, ,, ,, ,,, ,
701,0,, ,,, ,, ,, ,,, ,
702,,, ,,, ,, ,, ,,, ,
703,0,, ,,, ,, ,, ,,, ,
705,0,, ,,, ,, ,, ,,, ,
706,0,, ,,, ,, ,, ,,, ,
708,0,, ,,, ,, ,, ,,, ,
709,0,, ,,, ,, ,, ,,, ,
711,0,, ,,, ,, ,, ,,, ,
712,0,, ,,, ,, ,, ,,, ,
714,0,, ,,, ,, ,, ,,, ,
715,0,, ,,, ,, ,, ,,, ,
716,0,, ,,, ,, ,, ,,, ,
717,0,, ,,, ,, ,, ,,, ,
817,0,, ,,, ,, ,, ,,, ,
818,0,, ,,, ,, ,, ,,, ,
819,1,1,OGOLCHO,1,1, ,1, ,2, ,2,8, ,2
820,1,1,HULUKA,1,1, ,1, ,2, ,1,1, ,1
820,1,2,OGOLCHO,1,1, ,1, ,2, ,1,1, ,2
822,,, ,,, ,, ,, ,,, ,
823,1,1,KUBSA,1,1, ,1, ,1, ,0,1, ,2
824,0,, ,,, ,, ,, ,,, ,
826,0,, ,,, ,, ,, ,,, ,
827,0,, ,,, ,, ,, ,,, ,
829,0,, ,,, ,, ,, ,,, ,
830,1,1,KUBSA,1,1, ,1, ,1, ,0,1, ,2
831,0,, ,,, ,, ,, ,,, ,
832,0,, ,,, ,, ,, ,,, ,
833,0,, ,,, ,, ,, ,,, ,
871,1,1,HIDESE,1,1, ,1, ,1, ,3,1, ,2
872,1,1,DENDEA,1,1, ,1, ,1, ,2,3, ,1
872,1,2,OGOLCHO,1,1, ,1, ,2, ,2,8, ,2
873,1,1,DIGALU,1,1, ,1, ,1, ,3,1, ,2
874,,, ,,, ,, ,, ,,, ,
875,,, ,,, ,, ,, ,,, ,
876,0,, ,,, ,, ,, ,,, ,
877,0,, ,,, ,, ,, ,,, ,
878,1,1,Ogolcho,1,1, ,1, ,1, ,4,1, ,2
879,0,, ,,, ,, ,, ,,, ,
880,0,, ,,, ,, ,, ,,, ,
881,1,1,HIDASIE,1,1, ,1, ,1, ,0,1, ,2
882,0,, ,,, ,, ,, ,,, ,
883,0,, ,,, ,, ,, ,,, ,
884,0,, ,,, ,, ,, ,,, ,
885,0,, ,,, ,, ,, ,,, ,
886,1,1,Ogolcho,1,1, ,1, ,1, ,2,1, ,2
887,1,1,HIDESE,1,1, ,1, ,1, ,3,1, ,2
888,0,, ,,, ,, ,, ,,, ,
889,0,, ,,, ,, ,, ,,, ,
890,1,1,OGOLCHO,1,1, ,1, ,1, ,3,1, ,2
891,0,, ,,, ,, ,, ,,, ,
892,0,, ,,, ,, ,, ,,, ,
893,0,, ,,, ,, ,, ,,, ,
894,0,, ,,, ,, ,, ,,, ,
895,0,, ,,, ,, ,, ,,, ,
896,0,, ,,, ,, ,, ,,, ,
897,1,1,DHEKEBA,1,1, ,1, ,2, ,1,1, ,2
899,,, ,,, ,, ,, ,,, ,
900,0,, ,,, ,, ,, ,,, ,
901,0,, ,,, ,, ,, ,,, ,
902,1,1,DEKEBE,1,1, ,1, ,1, ,3,1, ,1
902,1,2,OGOLCHO,1,1, ,1, ,1, ,3,1, ,2
903,0,, ,,, ,, ,, ,,, ,
904,1,1,HULUKA,0,1, ,1, ,6,IT CANOT RESIST THE HEAT,1,8, ,2
905,0,, ,,, ,, ,, ,,, ,
906,0,, ,,, ,, ,, ,,, ,
907,0,, ,,, ,, ,, ,,, ,
908,1,1,HIDASE,1,1, ,1, ,2, ,2,1, ,2
910,0,, ,,, ,, ,, ,,, ,
911,0,, ,,, ,, ,, ,,, ,
912,0,, ,,, ,, ,, ,,, ,
913,0,, ,,, ,, ,, ,,, ,
914,,, ,,, ,, ,, ,,, ,
915,1,1,OGOLCHO,0,1, ,1, ,2, ,0,1, ,2
916,0,, ,,, ,, ,, ,,, ,
917,0,, ,,, ,, ,, ,,, ,
918,0,, ,,, ,, ,, ,,, ,
919,0,, ,,, ,, ,, ,,, ,
920,0,, ,,, ,, ,, ,,, ,
921,1,1,ASRASIDIST,1,1, ,1, ,2, ,1,1, ,2
922,,, ,,, ,, ,, ,,, ,
923,0,, ,,, ,, ,, ,,, ,
924,0,, ,,, ,, ,, ,,, ,
1061,0,, ,,, ,, ,, ,,, ,
1062,0,, ,,, ,, ,, ,,, ,
1063,,, ,,, ,, ,, ,,, ,
1064,1,1,OGOLCHO,0,1, ,1, ,1, ,3,1, ,2
1065,,, ,,, ,, ,, ,,, ,
1066,,, ,,, ,, ,, ,,, ,
1067,0,, ,,, ,, ,, ,,, ,
1070,,, ,,, ,, ,, ,,, ,
1072,0,, ,,, ,, ,, ,,, ,
1073,,, ,,, ,, ,, ,,, ,
1077,0,, ,,, ,, ,, ,,, ,
1078,1,1,TUSE,1,1, ,1, ,1, ,3,1, ,2
1211,1,1,1685 Kubsa,1,1, ,1, ,1, ,2,1, ,2
1213,1,1,KUBSA,0,1, ,1, ,1, ,2,8, ,2
1214,0,, ,,, ,, ,, ,,, ,
1215,1,1,Kubsa,0,1, ,1, ,1, ,2,3, ,2
1216,0,, ,,, ,, ,, ,,, ,
1219,1,1,Kubsa,1,1, ,1, ,1, ,2,3, ,2
1221,,, ,,, ,, ,, ,,, ,
1222,1,1,KUBSA,1,1, ,1, ,1, ,2,3, ,2
1223,1,1,KUBSA,1,2, ,1, ,1, ,2,3, ,2
1224,1,1,KUBSA,1,2, ,1, ,1, ,2,3, ,2
1225,,, ,,, ,, ,, ,,, ,
1226,1,1,KUBSA,1,2, ,1, ,1, ,2,3, ,2
1230,1,1,OGOLCHO,1,1, ,3, ,2, ,1,1, ,2
1232,1,1,WANE,1,1, ,1, ,2, ,1,1, ,2
1235,0,, ,,, ,, ,, ,,, ,
1237,0,, ,,, ,, ,, ,,, ,
1238,1,1,ogolcho,1,1, ,1, ,1, ,2,3, ,2
1239,0,, ,,, ,, ,, ,,, ,
1240,0,, ,,, ,, ,, ,,, ,
1273,0,, ,,, ,, ,, ,,, ,
1274,0,, ,,, ,, ,, ,,, ,
1275,0,, ,,, ,, ,, ,,, ,
1276,1,1,DEKEBA,1,2, ,1, ,1, ,2,3, ,2
1277,0,, ,,, ,, ,, ,,, ,
1278,1,1,OGOLCHO,0,1, ,1, ,2, ,0,1, ,2
1280,0,, ,,, ,, ,, ,,, ,
1282,0,, ,,, ,, ,, ,,, ,
1307,1,1,OGOLCHO,1,1, ,1, ,1, ,3,1, ,2
1311,1,1,FAFANI,1,2, ,1, ,1, ,1,3, ,2
1312,,, ,,, ,, ,, ,,, ,
1313,1,1,OGOLCHO,1,1, ,1, ,1, ,3,1, ,2
1314,1,1,OGOLCHO,0,1, ,1, ,1, ,3,1, ,2
1317,0,, ,,, ,, ,, ,,, ,
1318,1,1,OGOLCHO,1,1, ,1, ,1, ,3,1, ,2
1319,1,1,OGOLCHO,1,1, ,1, ,1, ,3,1, ,2
1320,0,, ,,, ,, ,, ,,, ,
1323,0,, ,,, ,, ,, ,,, ,
1324,,, ,,, ,, ,, ,,, ,
1325,1,1,OGOLCHO,1,1, ,3, ,2, ,1,1, ,2
1326,,, ,,, ,, ,, ,,, ,
1328,0,, ,,, ,, ,, ,,, ,
1329,0,, ,,, ,, ,, ,,, ,
1330,0,, ,,, ,, ,, ,,, ,
1331,0,, ,,, ,, ,, ,,, ,
1332,0,, ,,, ,, ,, ,,, ,
1333,0,, ,,, ,, ,, ,,, ,
1334,0,, ,,, ,, ,, ,,, ,
1335,0,, ,,, ,, ,, ,,, ,
1401,1,1,OGOLICHO,1,1, ,1, ,1, ,2,1, ,2
1403,1,1,OGOLICHO,0,1, ,1, ,1, ,2,1, ,2
1408,1,1,HULUKA,0,1, ,1, ,1, ,3,1, ,1
1408,1,2,GALAMA,0,1, ,1, ,1, ,3,1, ,2
1409,1,1,DEKEBE,0,1, ,1, ,1, ,3,5, ,2
1413,0,, ,,, ,, ,, ,,, ,
1415,1,1,OGOLICHO,1,1, ,1, ,1, ,3,1, ,2
6001,1,1,Ogolcho,0,1, ,1, ,1, ,2,1, ,2
6002,0,, ,,, ,, ,, ,,, ,
6003,1,1,Ogolcho,0,1, ,1, ,1, ,4,3, ,2
6004,1,1,OGOLOCH,1,1, ,1, ,2, ,1,11,IT COLDNESS TOLERANT,2
6005,1,1,OGOLCHO,1,1, ,1, ,2, ,1,1, ,2
6006,1,1,KEKEBA,1,1, ,1, ,1, ,3,1, ,2
6007,1,1,DIGALU,1,1, ,1, ,1, ,2,1, ,2
6008,0,, ,,, ,, ,, ,,, ,
6011,0,, ,,, ,, ,, ,,, ,
6012,1,1,FEBANI,1,1, ,1, ,1, ,3,1, ,2
6013,1,1,TUSE,1,1, ,1, ,1, ,3,1, ,2
6014,1,1,OGOLCHO,0,1, ,1, ,1, ,3,1, ,2
6015,0,, ,,, ,, ,, ,,, ,
6016,1,1,KUBSA,1,1, ,1, ,2, ,1,1, ,2
6017,0,, ,,, ,, ,, ,,, ,
6019,0,, ,,, ,, ,, ,,, ,
6020,0,, ,,, ,, ,, ,,, ,
6021,,, ,,, ,, ,, ,,, ,
6022,1,1,Kubsa,0,1, ,1, ,1, ,2,3, ,2
6023,1,1,Fabani,0,1, ,1, ,1, ,2,3, ,2
6024,1,1,Fabani,1,1, ,1, ,1, ,2,4, ,2
6025,0,, ,,, ,, ,, ,,, ,
6026,0,, ,,, ,, ,, ,,, ,
6027,0,, ,,, ,, ,, ,,, ,
6028,,, ,,, ,, ,, ,,, ,
6030,0,, ,,, ,, ,, ,,, ,
6031,1,1,KUBSA,0,1, ,1, ,1, ,2,3, ,2
6032,1,1,KUBSA,1,2, ,1, ,1, ,1,3, ,2
6033,0,, ,,, ,, ,, ,,, ,
6034,1,1,KUBSA,1,2, ,1, ,1, ,2,3, ,2
6035,0,, ,,, ,, ,, ,,, ,
6036,0,, ,,, ,, ,, ,,, ,
6037,,, ,,, ,, ,, ,,, ,
6038,0,, ,,, ,, ,, ,,, ,
6039,0,, ,,, ,, ,, ,,, ,
329,1,1,DASENECH I,0,2, ,3, ,2, ,1,3, ,1
329,1,2,KEKEBA,0,1, ,4, ,3, ,1,3, ,1
329,1,3,DASENECH,0,2, ,4, ,2, ,1,3, ,2
330,1,1,KEKABA,1,2, ,2, ,2, ,3,3, ,1
330,1,2,DASENECH,0,2, ,3, ,2, ,3,1, ,2
331,,, ,,, ,, ,, ,,, ,
332,1,1,DASENECH,1,2, ,2, ,2, ,3,2, ,2
333,,, ,,, ,, ,, ,,, ,
334,1,1,DASENECH,0,1, ,2, ,2, ,3,1, ,2
335,0,, ,,, ,, ,, ,,, ,
336,1,1,DESHENE,0,2, ,3, ,2, ,3,1, ,2
337,,, ,,, ,, ,, ,,, ,
338,1,1,DASENECH,1,1, ,4, ,2, ,1,3, ,2
339,1,1,KEKABA,0,1, ,2, ,2, ,3,4, ,2
340,1,1,DESHENE,1,2, ,2, ,2, ,3,3, ,1
340,1,2,KEKEBE,1,1, ,1, ,2, ,1,1, ,2
341,0,, ,,, ,, ,, ,,, ,
342,1,1,KEKEBE,1,1, ,1, ,3, ,3,3, ,2
343,1,1,OGOLICHO,1,1, ,1, ,2, ,1,3, ,2
344,1,1,KEKABA,0,1, ,2, ,3, ,3,1, ,1
344,1,2,DESHENE,1,1, ,2, ,2, ,3,3, ,1
344,1,3,Inglis,1,1, ,2, ,2, ,3,8, ,1
344,1,4,OGOLICHO,0,2, ,1, ,2, ,1,2, ,2
345,1,1,DASENECH,1,1, ,2, ,2, ,3,3, ,2
346,1,1,DASENECH,1,2, ,1, ,2, ,3,2, ,1
346,1,2,KEKEBA,1,3, ,2, ,3, ,3,2, ,1
346,1,3,DASENECH,0,2, ,1, ,3, ,3,4, ,2
398,1,1,DAMFE,1,1, ,1, ,2, ,1,1, ,2
399,0,, ,,, ,, ,, ,,, ,
400,0,, ,,, ,, ,, ,,, ,
495,0,, ,,, ,, ,, ,,, ,
496,0,, ,,, ,, ,, ,,, ,
498,0,, ,,, ,, ,, ,,, ,
499,0,, ,,, ,, ,, ,,, ,
500,0,, ,,, ,, ,, ,,, ,
501,0,, ,,, ,, ,, ,,, ,
502,,, ,,, ,, ,, ,,, ,
504,0,, ,,, ,, ,, ,,, ,
505,0,, ,,, ,, ,, ,,, ,
507,0,, ,,, ,, ,, ,,, ,
508,0,, ,,, ,, ,, ,,, ,
510,0,, ,,, ,, ,, ,,, ,
511,0,, ,,, ,, ,, ,,, ,
512,1,1,SHORIMO,1,1, ,1, ,2, ,1,1, ,2
1132,0,, ,,, ,, ,, ,,, ,
1133,0,, ,,, ,, ,, ,,, ,
1134,0,, ,,, ,, ,, ,,, ,
1135,0,, ,,, ,, ,, ,,, ,
1137,1,1,IMPROVED BUT DON'T KNOW,0,1, ,1, ,1, ,1,2, ,2
1138,0,, ,,, ,, ,, ,,, ,
1139,0,, ,,, ,, ,, ,,, ,
1141,0,, ,,, ,, ,, ,,, ,
1178,0,, ,,, ,, ,, ,,, ,
1179,0,, ,,, ,, ,, ,,, ,
1181,0,, ,,, ,, ,, ,,, ,
1182,1,1,IMPROVED BUT DON'T KNOW,1,1, ,1, ,1, ,1,1, ,2
1189,0,, ,,, ,, ,, ,,, ,
1191,0,, ,,, ,, ,, ,,, ,
1193,,, ,,, ,, ,, ,,, ,
1194,0,, ,,, ,, ,, ,,, ,
1199,0,, ,,, ,, ,, ,,, ,
1200,0,, ,,, ,, ,, ,,, ,
1435,0,, ,,, ,, ,, ,,, ,
1436,0,, ,,, ,, ,, ,,, ,
1439,0,, ,,, ,, ,, ,,, ,
1440,0,, ,,, ,, ,, ,,, ,
1441,0,, ,,, ,, ,, ,,, ,
1442,0,, ,,, ,, ,, ,,, ,
1443,0,, ,,, ,, ,, ,,, ,
1468,1,1,IMPROVED BUT DON'T KNOW,1,1, ,1, ,1, ,1,1, ,2
1470,1,1,IMPROVED BUT DON'T KNOW,1,4, ,3, ,3, ,1,1, ,2
1472,0,, ,,, ,, ,, ,,, ,
1473,,, ,,, ,, ,, ,,, ,
1475,0,, ,,, ,, ,, ,,, ,
1477,1,1,IMPROVED(DK),1,1, ,1, ,2, ,2,3, ,2
1478,1,1,IMPROVED,0,3, ,4, ,1, ,2,1, ,2
1479,0,, ,,, ,, ,, ,,, ,
1480,0,, ,,, ,, ,, ,,, ,
1481,0,, ,,, ,, ,, ,,, ,
1595,0,, ,,, ,, ,, ,,, ,
1597,0,, ,,, ,, ,, ,,, ,
1598,0,, ,,, ,, ,, ,,, ,
1599,0,, ,,, ,, ,, ,,, ,
1600,0,, ,,, ,, ,, ,,, ,
1694,0,, ,,, ,, ,, ,,, ,
1695,0,, ,,, ,, ,, ,,, ,
1697,0,, ,,, ,, ,, ,,, ,
1698,0,, ,,, ,, ,, ,,, ,
1699,0,, ,,, ,, ,, ,,, ,
1700,0,, ,,, ,, ,, ,,, ,
1731,0,, ,,, ,, ,, ,,, ,
1732,0,, ,,, ,, ,, ,,, ,
1733,0,, ,,, ,, ,, ,,, ,
1734,1,1,IMPROVED BUT DON'T KNOW,1,1, ,3, ,2, ,1,1, ,2
1735,0,, ,,, ,, ,, ,,, ,
1739,1,1,IMPROVED BUT DON'T KNOW,0,1, ,1, ,1, ,1,1, ,2
1740,0,, ,,, ,, ,, ,,, ,
1752,0,, ,,, ,, ,, ,,, ,
1754,,, ,,, ,, ,, ,,, ,
1756,1,1,IMPROVED BUT DON'T KNOW,0,1, ,1, ,1, ,1,1, ,2
1760,1,1,IMPROVED BUT DON'T KNOW,1,1, ,1, ,1, ,1,1, ,2
1762,0,, ,,, ,, ,, ,,, ,
1763,,, ,,, ,, ,, ,,, ,
1766,0,, ,,, ,, ,, ,,, ,
1767,0,, ,,, ,, ,, ,,, ,
1769,0,, ,,, ,, ,, ,,, ,
1771,0,, ,,, ,, ,, ,,, ,
1773,0,, ,,, ,, ,, ,,, ,
1774,0,, ,,, ,, ,, ,,, ,
1778,0,, ,,, ,, ,, ,,, ,
1779,0,, ,,, ,, ,, ,,, ,
1780,0,, ,,, ,, ,, ,,, ,
1784,0,, ,,, ,, ,, ,,, ,
1786,1,1,IMPROVED(DON'T KNOW),1,1, ,1, ,1, ,3,3, ,2
1787,0,, ,,, ,, ,, ,,, ,
1861,0,, ,,, ,, ,, ,,, ,
1862,0,, ,,, ,, ,, ,,, ,
1863,0,, ,,, ,, ,, ,,, ,
1864,,, ,,, ,, ,, ,,, ,
1867,0,, ,,, ,, ,, ,,, ,
1868,0,, ,,, ,, ,, ,,, ,
1869,0,, ,,, ,, ,, ,,, ,
1870,0,, ,,, ,, ,, ,,, ,
1873,0,, ,,, ,, ,, ,,, ,
1874,0,, ,,, ,, ,, ,,, ,
1876,0,, ,,, ,, ,, ,,, ,
1877,0,, ,,, ,, ,, ,,, ,
1905,0,, ,,, ,, ,, ,,, ,
1907,,, ,,, ,, ,, ,,, ,
2040,0,, ,,, ,, ,, ,,, ,
2041,0,, ,,, ,, ,, ,,, ,
2042,1,1,DAMFE,1,1, ,1, ,1, ,1,1, ,2
2043,0,, ,,, ,, ,, ,,, ,
2044,0,, ,,, ,, ,, ,,, ,
2045,0,, ,,, ,, ,, ,,, ,
2046,0,, ,,, ,, ,, ,,, ,
2047,0,, ,,, ,, ,, ,,, ,
2048,0,, ,,, ,, ,, ,,, ,
2049,1,1,DAFO,1,1, ,1, ,1, ,1,1, ,2
2050,0,, ,,, ,, ,, ,,, ,
5001,0,, ,,, ,, ,, ,,, ,
5002,1,1,IMPROVED BUT DON'T KNOW,1,4, ,1, ,1, ,1,1, ,2
5003,1,1,LEGAMO,1,1, ,1, ,1, ,2,3, ,2
5004,1,1,DASHIN,1,1, ,1, ,1, ,1,1, ,2
5005,0,, ,,, ,, ,, ,,, ,
5006,1,1,DASHIN,1,1, ,1, ,1, ,1,1, ,2
5007,0,, ,,, ,, ,, ,,, ,
5008,0,, ,,, ,, ,, ,,, ,
5009,0,, ,,, ,, ,, ,,, ,
5010,0,, ,,, ,, ,, ,,, ,
5011,,, ,,, ,, ,, ,,, ,
5012,0,, ,,, ,, ,, ,,, ,
5013,,, ,,, ,, ,, ,,, ,
5014,0,, ,,, ,, ,, ,,, ,
5015,0,, ,,, ,, ,, ,,, ,
5016,0,, ,,, ,, ,, ,,, ,
5017,1,1,Don't Know,0,1, ,2, ,3, ,3,4, ,2
5018,1,1,Unknown,0,1, ,3, ,2, ,3,2, ,2
5019,0,, ,,, ,, ,, ,,, ,
5020,0,, ,,, ,, ,, ,,, ,
5021,0,, ,,, ,, ,, ,,, ,
5022,0,, ,,, ,, ,, ,,, ,
5023,0,, ,,, ,, ,, ,,, ,
5024,0,, ,,, ,, ,, ,,, ,
5025,0,, ,,, ,, ,, ,,, ,
5026,1,1,DIGALO,0,1, ,1, ,1, ,1,1, ,2
5027,0,, ,,, ,, ,, ,,, ,
5028,,, ,,, ,, ,, ,,, ,
5029,0,, ,,, ,, ,, ,,, ,
5030,1,1,IMPROVED BUT KNOW,0,1, ,1, ,1, ,1,1, ,2
5031,0,, ,,, ,, ,, ,,, ,
5032,0,, ,,, ,, ,, ,,, ,
5033,0,, ,,, ,, ,, ,,, ,
5034,0,, ,,, ,, ,, ,,, ,
5035,0,, ,,, ,, ,, ,,, ,
5036,0,, ,,, ,, ,, ,,, ,
