HH_Id,Farm_Size,Module_Resp,Land_Unit,Land_Unit_Othr,LU_Convrsn_Rate,Total_Cult_Area,Lease_In_Area,Lease_In_Charge,Lease_Out_Area,Lease_Out_Charge,Sharecrop_Area,Share_Crop1,Share_Crop1_Othr,Share_Crop1_Area,Share_Crop1_Harv,Share_Crop2,Share_Crop2_Othr,Share_Crop2_Area,Share_Crop2_Harv,Share_Crop3,Share_Crop3_Othr,Share_Crop3_Area,Share_Crop3_Harv,Joint_Cult_Area,Joint_Crop1,Joint_Crop1_Othr,Joint_Crop1_ Area,Joint_Crop1_ Harv,Joint_Crop2,Joint_Crop2_Othr,Joint_Crop2_ Area,Joint_Crop2_ Harv,Joint_Crop3,Joint_Crop3_Othr,Joint_Crop3_ Area,Joint_Crop3_ Harv,Othr_Land_Area,MortageLand_Area,Total_CultArea_Meher,Rice_CultArea_Meher,Maize_CultArea_Meher,Wheat_CultArea_Meher,Total_CultArea_Belg,Rice_CultArea_Belg,Maize_CultArea_Belg,Wheat_CultArea_Belg,Total_Area_BtwSeason,Num_Plots_CropGrown,Info_Collect 
245,1,1,37, ,4,5,0,,0,,2,2, ,1,50,2, ,1,50,97, ,,,0,, ,,,, ,,,, ,,,0,0,7,0,1,3,0.33,0,0,0,0,6,1
246,1,3,37, ,4,5,0,,0,,0,, ,,,, ,,,, ,,,0,, ,,,, ,,,, ,,,0,0,5,0,1,1,0,0,0,0,0,4,1
247,1,1,37, ,4,5,0,,0,,0,, ,,,, ,,,, ,,,0,, ,,,, ,,,, ,,,0,0,5,0,0.5,2,0,0,0,0,0,6,1
251,1,1,37, ,4,4,0,,0,,1,2, ,1,50,97, ,,,, ,,,0,, ,,,, ,,,, ,,,0,0,5,0,1,2,0,0,0,0,0,4,1
252,1,1,37, ,4,5,0,,0,,1,99,BEAN,1,50,97, ,,,, ,,,0,, ,,,, ,,,, ,,,0,0,5,0,1,1.5,0,0,0,0,0,4,1
253,1,1,37, ,4,2,0,,0,,1,2, ,1,50,97, ,,,, ,,,0,, ,,,, ,,,, ,,,0,0,3,0,0,2,0,0,0,0,0,3,1
255,1,1,37, ,4,1,0,,0,,4,2, ,2,50,19, ,2,50,97, ,,,0,, ,,,, ,,,, ,,,0,0,5,0,1,2,0,0,0,0,0,3,1
256,1,1,37, ,4,1.5,0,,0,,4,19, ,4,50,97, ,,,, ,,,0,, ,,,, ,,,, ,,,0,0,5.5,0,0.5,1,0,0,0,0,0,4,1
257,1,1,37, ,4,3,0,,0,,2,2, ,2,50,97, ,,,, ,,,0,, ,,,, ,,,, ,,,0,0,5,0,0.5,3.5,0,0,0,0,0,4,1
258,1,1,37, ,4,2,0,,0,,1.5,19, ,1.5,50,97, ,,,, ,,,0,, ,,,, ,,,, ,,,0,0,3.5,0,0,1,0,0,0,0,0,3,1
383,1,1,37, ,4,4,2,4000,0,,1,2, ,1,50,97, ,,,, ,,,0,, ,,,, ,,,, ,,,0,0,6,0,1,1,0,0,0,0,0,5,1
385,1,1,37, ,4,1,8,1500,0,,0,, ,,,, ,,,, ,,,0,, ,,,, ,,,, ,,,0,0,9,0,1,1,0,0,0,0,0,4,1
386,1,1,37, ,4,5,0,,0,,2,19, ,1,50,2, ,1,50,97, ,,,0,, ,,,, ,,,, ,,,0,0,7,0,1,1,1,0,0,0,0,7,1
388,1,1,37, ,4,3,0,,0,,2,2, ,2,50,97, ,,,, ,,,0,, ,,,, ,,,, ,,,0,0,5,0,0,3,0,0,0,0,0,4,1
389,1,1,37, ,4,6,0,,0,,0,, ,,,, ,,,, ,,,0,, ,,,, ,,,, ,,,0,0,6,0,1,2,0,0,0,0,0,2,1
390,1,1,14, ,4,6,2,1750,0,,4,19, ,2,50,19, ,2,50,97, ,,,0,, ,,,, ,,,, ,,,0,0,12,0,1,1,2,0,0,0,0,8,1
391,1,2,14, ,4,6,1,1000,0,,0,, ,,,, ,,,, ,,,0,, ,,,, ,,,, ,,,0,0,6,0,2,2,0,0,0,0,0,6,1
392,1,1,37, ,4,6.5,0,,0,,4,2, ,2,50,2, ,2,6,97, ,,,0,, ,,,, ,,,, ,,,0,0,10,0,2,4,0,0,0,0,0,6,1
393,1,1,37, ,4,7,0,,0,,0,, ,,,, ,,,, ,,,0,, ,,,, ,,,, ,,,0,0,7,0,1,2,0,0,0,0,0,4,1
394,1,1,37, ,4,5.5,0,,0,,2,3, ,1,50,19, ,1,50,97, ,,,0,, ,,,, ,,,, ,,,0,0,7.5,0,1,1.5,0,0,0,0,0,6,1
395,1,1,14, ,4,12,0,,0,,2,2, ,2,50,97, ,,,, ,,,0,, ,,,, ,,,, ,,,0,0,12,0,0,2,0,0,0,0,0,3,1
529,1,1,37, ,4,5,0,,0,,0,, ,,,, ,,,, ,,,0,, ,,,, ,,,, ,,,0,0,5,0,0,1.5,0,0,0,0,0,6,1
531,1,1,37, ,4,2,0,,0,,2,5, ,1,50,99,BARLEY,1,50,97, ,,,0,, ,,,, ,,,, ,,,0,0,4,0,0,1,4,0,0,0,0,4,1
532,1,1,37, ,4,14,0,,0,,3,5, ,3,50,97, ,,,, ,,,0,, ,,,, ,,,, ,,,0,0,17,0,0,5,6,0,0,0,0,5,1
533,1,1,37, ,4,3.5,0,,0,,0,, ,,,, ,,,, ,,,0,, ,,,, ,,,, ,,,0,0,3.5,0,0,1,0.5,0,0,0,0,4,1
535,1,1,37, ,4,4.5,0,,0,,2.5,2, ,1.5,50,99,CARROT,1,50,97, ,,,0,, ,,,, ,,,, ,,,0,0,4.5,0,0,1.5,1,0,0,0,0,3,1
536,1,1,37, ,4,4,0,,0,,0,, ,,,, ,,,, ,,,0,, ,,,, ,,,, ,,,0,0,4,0,0,1,2,0,0,0,0,4,1
537,1,1,37, ,4,5,0,,0,,2,6, ,2,50,97, ,,,, ,,,0,, ,,,, ,,,, ,,,0,0,5,0,0,0.5,0,0,0,0,0,4,1
538,1,1,37, ,4,4.5,0,,0,,0.5,12, ,0.5,50,97, ,,,, ,,,0,, ,,,, ,,,, ,,,0,0,4.5,0,0,0.5,0.5,0,0,0,0,6,1
539,1,1,37, ,4,2.5,0,,0,,2,99,BARLEY,0,50,97, ,,,, ,,,0,, ,,,, ,,,, ,,,0,0,4.5,0,0,1,0,0,0,0,0,4,1
561,1,3,37, ,4,20.5,0,,0,,5,19, ,2,50,2, ,1,50,2, ,2,50,0,, ,,,, ,,,, ,,,0,0,20.5,0,0,7.5,0,0,0,0,0,9,1
563,1,1,37, ,4,11.75,0,,0,,1,19, ,1,50,97, ,,,, ,,,0,, ,,,, ,,,, ,,,2,0,11.75,0,0,6.75,0,0,0,0,0,8,1
564,1,1,37, ,4,10,0,,0,,4,99,BARLEY,1,50,19, ,1,50,19, ,1,50,0,, ,,,, ,,,, ,,,0,0,10,0,0,2,0,0,0,0,0,8,1
565,1,1,37, ,4,5,0,,0,,0,, ,,,, ,,,, ,,,0,, ,,,, ,,,, ,,,0,0,5,0,0,2,0,0,0,0,0,5,1
567,1,1,37, ,4,11.5,6.5,1200,0,,4,2, ,1,50,5, ,1,50,5, ,1,50,0,, ,,,, ,,,, ,,,0,0,22,0,0,4.5,4,0,0,0,0,11,1
568,1,1,37, ,4,5,4,2550,0,,6,99,BARLEY,2,50,99,BARLEY,2,50,97, ,,,0,, ,,,, ,,,, ,,,0,0,15,0,0,2,0,0,0,0,0,6,1
569,1,3,37, ,4,21,0,,0,,0,, ,,,, ,,,, ,,,0,, ,,,, ,,,, ,,,0,0,21,0,0,9,1,0,0,0,0,11,1
570,1,1,37, ,4,14.5,0,,0,,1.5,2, ,0.5,50,6, ,1,50,97, ,,,0,, ,,,, ,,,, ,,,0,0,16,0,0,5.5,0,0,0,0,0,9,1
571,1,1,37, ,4,11.25,0,,0,,0,, ,,,, ,,,, ,,,0,, ,,,, ,,,, ,,,0,0,11.25,0,0,2,0,0,0,0,0,6,1
572,1,1,37, ,4,12,2,800,0,,4,99,BARLEY,1,50,5, ,1,50,5, ,1,50,0,, ,,,, ,,,, ,,,0,0,12,0,0,5,0,0,0,0,0,10,1
573,1,1,37, ,4,6,0,,0,,0,, ,,,, ,,,, ,,,0,, ,,,, ,,,, ,,,0,0,6,0,0,2,0,0,0,0,0,6,1
574,1,1,37, ,4,4,0,,0,,0,, ,,,, ,,,, ,,,0,, ,,,, ,,,, ,,,0,0,4,0,0,1,0,0,0,0,0,4,1
575,1,1,37, ,4,4,0,,0,,4,2, ,2,50,99,BARLEY,2,50,97, ,,,0,, ,,,, ,,,, ,,,0,0,8,0,0,2,0,0,0,0,0,6,1
576,1,1,37, ,4,2,0,,0,,4,2, ,1,50,19, ,1,50,5, ,1,50,0,, ,,,, ,,,, ,,,0,0,6,0,0,1,0,0,0,0,0,4,1
943,1,1,37, ,4,6.5,0,,0,,4,2, ,0,50,2, ,1,50,2, ,1,50,0,, ,,,, ,,,, ,,,0,0,10.5,0,0,7,0,0,0,0,0,6,1
944,1,1,37, ,4,14,0,,0,,2,99,BEAN,2,50,97, ,,,, ,,,0,, ,,,, ,,,, ,,,0,0,16,0,0,9,0,0,0,0,0,8,1
945,1,1,37, ,4,16,0,,0,,0,, ,,,, ,,,, ,,,0,, ,,,, ,,,, ,,,0,0,16,0,0,7,0,0,0,0,0,5,1
946,1,1,37, ,4,6,0,,0,,2,2, ,2,50,97, ,,,, ,,,0,, ,,,, ,,,, ,,,0,0,8,0,0,4,0,0,0,0,0,4,1
948,1,1,37, ,4,20,0,,0,,2,2, ,2,50,97, ,,,, ,,,0,, ,,,, ,,,, ,,,0,0,20,0,0,10,0,0,0,0,0,6,1
949,1,1,37, ,4,14,0,,0,,0,, ,,,, ,,,, ,,,0,, ,,,, ,,,, ,,,0,0,12,0,0,6,4,0,0,0,0,9,1
951,1,1,38, ,4,2,0,,0,,7,2, ,2,50,2, ,2,50,5, ,1,50,0,, ,,,, ,,,, ,,,0,0,9,0,0,5.5,0,0,0,0,0,8,1
952,1,1,37, ,4,6,0,,0,,2,2, ,1,50,99,field pea,1,50,97, ,,,0,, ,,,, ,,,, ,,,0,0,8,0,0,4,0,0,0,0,0,6,1
956,1,1,37, ,4,9,0,,0,,0,, ,,,, ,,,, ,,,0,, ,,,, ,,,, ,,,0,0,9,0,0,4,0,0,0,0,0,5,1
957,1,1,37, ,4,23,4,1875,0,,0,, ,,,, ,,,, ,,,0,, ,,,, ,,,, ,,,0,0,23,0,0,10,0,0,0,0,0,8,1
958,1,1,37, ,4,3.5,0,,0,,0.5,99,BARLEY,0.5,50,97, ,,,, ,,,0,, ,,,, ,,,, ,,,0,0,4,0,0,2,1,0,0,0,0,4,1
959,1,1,37, ,4,1.5,0,,0,,0,, ,,,, ,,,, ,,,0,, ,,,, ,,,, ,,,0,0,1.5,0,0,0.25,0,0,0,0,0,3,1
960,1,1,37, ,4,5,0,,0,,0,, ,,,, ,,,, ,,,0,, ,,,, ,,,, ,,,0,0,5,0,0,2,2,0,0,0,0,3,1
961,1,1,37, ,4,4,0,,0,,1,2, ,1,50,97, ,,,, ,,,0,, ,,,, ,,,, ,,,0,0,5,0,0,2,0,0,0,0,0,4,1
962,1,1,37, ,4,2,0,,0,,2,2, ,1,50,99,BARLEY,1,50,97, ,,,0,, ,,,, ,,,, ,,,0,0,4,0,0,1,1,0,0,0,0,5,1
963,1,1,37, ,4,4.5,0,,0,,0,, ,,,, ,,,, ,,,0,, ,,,, ,,,, ,,,0,0,4.5,0,0,2,1,0,0,0,0,3,1
964,1,1,37, ,4,3,0,,0,,0.5,99,BEAN,0.5,50,97, ,,,, ,,,0,, ,,,, ,,,, ,,,0,0,3,0,0,0.5,0,0,0,0,0,5,1
965,1,1,37, ,4,2,0,,0,,0,, ,,,, ,,,, ,,,0,, ,,,, ,,,, ,,,0,0,2,0,0,1,0,0,0,0,0,2,1
967,1,1,37, ,4,1,0,,0,,8,2, ,2,50,99,BARLEY,4,50,99,Haricot bean,2,50,0,, ,,,, ,,,, ,,,0,0,9,0,3,9,3,0,0,0,0,7,1
968,1,1,37, ,4,3,0,,0,,0,, ,,,, ,,,, ,,,0,, ,,,, ,,,, ,,,0,0,3,0,0,1,1,0,0,0,0,3,1
969,1,1,37, ,4,3,0,,0,,0.5,99,FLAX,0.5,50,97, ,,,, ,,,0,, ,,,, ,,,, ,,,0,0,3,0,0,1,0,0,0,0,0,6,1
971,1,1,37, ,4,2,0,,0,,0,, ,,,, ,,,, ,,,0,, ,,,, ,,,, ,,,0,0,2,0,0,2,0,0,0,0,0,2,1
973,1,1,37, ,4,3.5,0,,0,,0,, ,,,, ,,,, ,,,0,, ,,,, ,,,, ,,,0,0,3.5,0,0,1,0,0,0,0,0,3,1
1047,1,1,37, ,4,5,0,,0,,0,, ,,,, ,,,, ,,,0,, ,,,, ,,,, ,,,0,0,5,0,0,4,0,0,0,0,0,4,1
1048,1,1,37, ,4,6.5,0,,0,,4,19, ,4,50,97, ,,,, ,,,0,, ,,,, ,,,, ,,,0,0,10.5,0,1,2.5,0,0,0,0,0,4,1
1049,1,1,37, ,4,3,0,,0,,0,, ,,,, ,,,, ,,,0,, ,,,, ,,,, ,,,0,0,3,0,0,2,0,0,0,0,0,2,1
1050,1,1,37, ,4,4,0,,0,,2.5,2, ,2,50,97, ,,,, ,,,0,, ,,,, ,,,, ,,,0,0,6.5,0,0.5,2,0.5,0,0,0,0,7,1
1051,1,1,37, ,4,7.5,0,,0,,0,, ,,,, ,,,, ,,,0,, ,,,, ,,,, ,,,0,0,7.5,0,1,4,0,0,0.25,0,0,5,1
1052,1,1,14, ,4,4,0,,0,,1,19, ,0.5,50,3, ,0.5,50,97, ,,,0,, ,,,, ,,,, ,,,0,0,5,0,0.5,1,0,0,0,0,0,3,1
1055,1,1,14, ,4,3,0,,0,,4.5,2, ,1.5,50,19, ,1,50,19, ,1,50,0,, ,,,, ,,,, ,,,0,0,7.5,0,0,3.5,0,0,0,0,0,6,1
1056,1,1,37, ,4,6,0,,0,,0,, ,,,, ,,,, ,,,0,, ,,,, ,,,, ,,,0,0,6,0,1,2,0,0,0,0,0,4,1
1057,1,1,37, ,4,4,0,,0,,0,, ,,,, ,,,, ,,,0,, ,,,, ,,,, ,,,0,0,4,0,1,1,0,0,0,0,0,3,1
1058,1,1,37, ,4,6,0,,0,,2,19, ,2,50,97, ,,,, ,,,0,, ,,,, ,,,, ,,,0,0,8,0,0,3,0,0,0,0,0,3,1
1059,1,1,37, ,4,3.5,0,,0,,0,, ,,,, ,,,, ,,,0,, ,,,, ,,,, ,,,0,0,3.5,0,1,1.5,0,0,0,0,0,3,1
1060,1,1,37, ,4,4.5,0,,0,,1,19, ,1,50,97, ,,,, ,,,0,, ,,,, ,,,, ,,,0,0,5.5,0,1,1.5,0,0,0,0,0,5,1
1117,1,1,37, ,4,4,0.5,2000,0,,0,, ,,,, ,,,, ,,,0,, ,,,, ,,,, ,,,0,0,4.5,0,1,1,0.5,0,0,0,0,5,1
1118,1,1,37, ,4,2.75,0,,0,,0,, ,,,, ,,,, ,,,0,, ,,,, ,,,, ,,,0,0,2.75,0,0.75,0.5,0,0,0,0,0,4,1
1120,1,1,37, ,4,3,0,,0,,0,, ,,,, ,,,, ,,,0,, ,,,, ,,,, ,,,0,0,3,0,1,1,0,0,0,0,0,3,1
1121,1,1,37, ,4,3.5,0,,0,,0,, ,,,, ,,,, ,,,0,, ,,,, ,,,, ,,,0,0,3.5,0,0.25,0.25,0,0,0,0,0,6,1
1122,1,1,37, ,4,3,0,,0,,1,2, ,1,50,97, ,,,, ,,,0,, ,,,, ,,,, ,,,0,0,4,0,1,1,0,0,0,0,0,5,1
1124,1,1,37, ,4,4,0,,0,,0,, ,,,, ,,,, ,,,0,, ,,,, ,,,, ,,,0,0,4,0,1,1,0,0,0,0,0,5,1
1127,1,1,37, ,4,3.75,0,,0,,0,, ,,,, ,,,, ,,,0,, ,,,, ,,,, ,,,0,0,3.75,0,1,1,0,0,0,0,0,4,1
1131,1,1,37, ,4,2.5,0,,0,,1.75,19, ,1,50,2, ,0.5,50,99,Haricot bean,0.25,50,0,, ,,,, ,,,, ,,,0,0,4.25,0,1,0.5,0,0,0,0,0,6,1
1344,1,1,37, ,4,2.5,0,,0,,0,, ,,,, ,,,, ,,,0,, ,,,, ,,,, ,,,0,0,2.5,0,0,1,1,0,0,0,0,5,1
1346,1,1,37, ,4,3.5,0,,0,,2.5,99,BARLEY,2,50,19, ,0.5,50,97, ,,,0,, ,,,, ,,,, ,,,0,0,6,0,0,1.5,2.5,0,0,0,0,6,1
1347,1,1,37, ,4,3.5,0,,0,,0,, ,,,, ,,,, ,,,0,, ,,,, ,,,, ,,,0,0,3.5,0,0,1,1,0,0,0,0,4,1
1349,1,1,37, ,4,2.5,0,,0,,0,, ,,,, ,,,, ,,,0,, ,,,, ,,,, ,,,0,0,2.5,0,0,0.5,0,0,0,0,0,3,1
1350,1,1,37, ,4,2,0,,0,,0,, ,,,, ,,,, ,,,0,, ,,,, ,,,, ,,,0,0,2,0,0,1,0,0,0,0,0,3,1
1352,1,1,37, ,4,1.75,0,,0,,2,99,BARLEY,1,50,5, ,1,50,5, ,1,50,0,, ,,,, ,,,, ,,,0,0,3.75,0,0,1,2.5,0,0,0,0,5,1
1354,1,2,37, ,4,5,0,,0,,2,99,BEAN,1,50,2, ,1,50,97, ,,,0,, ,,,, ,,,, ,,,0,0,5,0,0,2,0,0,0,0,0,5,1
1356,1,1,37, ,4,2,0,,0,,4,99,BARLEY,4,50,97, ,,,, ,,,0,, ,,,, ,,,, ,,,0,0,6,0,0,1,4,0,0,0,0,4,1
1357,1,1,37, ,4,4.5,0,,0,,0,, ,,,, ,,,, ,,,0,, ,,,, ,,,, ,,,0,0,4.5,0,0,3.5,0,0,0,0,0,4,1
1358,1,1,37, ,4,0.5,0,,0,,6,2, ,1,50,2, ,1,50,2, ,1,50,0,, ,,,, ,,,, ,,,0,0,6.5,0,0,3.5,3,0,0,0,0,6,1
1359,1,1,37, ,4,7,0,,0,,1,99,BARLEY,1,50,97, ,,,, ,,,0,, ,,,, ,,,, ,,,0,0,8,0,0,1,5,0,0,0,0,4,1
1379,1,1,37, ,4,4.25,0,,0,,0,, ,,,, ,,,, ,,,0,, ,,,, ,,,, ,,,0,0,4.25,0,0,2,0,0,0,0,0,5,1
1380,1,1,37, ,4,4,0,,0,,0,, ,,,, ,,,, ,,,0,, ,,,, ,,,, ,,,0,0,4,0,0,2,0,0,0,0,0,2,1
1381,1,1,37, ,4,6.5,0,,0,,0,, ,,,, ,,,, ,,,0,, ,,,, ,,,, ,,,0,0,6.5,0,0,4,0,0,0,0,0,4,1
1382,1,1,37, ,4,6,0,,0,,0,, ,,,, ,,,, ,,,0,, ,,,, ,,,, ,,,0,0,6,0,0,3,0,0,0,0,0,4,1
1383,1,1,37, ,4,7,0,,0,,0,, ,,,, ,,,, ,,,0,, ,,,, ,,,, ,,,0,0,7,0,0,2,0,0,0,0,0,4,1
1385,1,3,37, ,4,3.75,0,,0,,0.5,2, ,0.5,50,97, ,,,, ,,,0,, ,,,, ,,,, ,,,0,0,3.75,0,0,1,0,0,0,0,0,7,1
1386,1,1,37, ,4,8.5,0,,0,,3,99,BARLEY,3,50,97, ,,,, ,,,0,, ,,,, ,,,, ,,,0,0,8.5,0,0,1,0,0,0,0,0,6,1
1387,1,1,37, ,4,4,0,,0,,2,6, ,2,50,97, ,,,, ,,,0,, ,,,, ,,,, ,,,0,0,6,0,0,2,0,0,0,0,0,5,1
1388,1,1,37, ,4,6.5,0,,0,,0,, ,,,, ,,,, ,,,0,, ,,,, ,,,, ,,,0,0,6.5,0,0,3.5,0,0,0,0,0,5,1
1390,1,1,37, ,4,6.5,0,,0,,1,99,BEAN,1,50,97, ,,,, ,,,0,, ,,,, ,,,, ,,,0,0,6.5,0,0,3,0,0,0,0,0,8,1
1391,1,1,37, ,4,5,0,,0,,0,, ,,,, ,,,, ,,,0,, ,,,, ,,,, ,,,0,0,5,0,0,1.75,0,0,0,0,0,8,1
1393,1,3,37, ,4,5,0,,0,,0,, ,,,, ,,,, ,,,0,, ,,,, ,,,, ,,,0,0,5,0,0,4,0,0,0,0,0,3,1
1394,1,1,14, ,16,18,0,,0,,0,, ,,,, ,,,, ,,,0,, ,,,, ,,,, ,,,0,0,18,0,0,14,0,0,0,0,0,3,1
1396,1,1,14, ,16,0,0,,0,,32,2, ,26,50,19, ,6,50,97, ,,,0,, ,,,, ,,,, ,,,0,0,32,0,0,26,0,0,0,0,0,6,1
1397,1,1,37, ,4,2,0,,0,,2,2, ,2,50,97, ,,,, ,,,0,, ,,,, ,,,, ,,,0,0,4,0,0,2,0,0,0,0,0,3,1
1398,1,1,37, ,4,4.5,0,,0,,1,2, ,1,50,97, ,,,, ,,,0,, ,,,, ,,,, ,,,0,0,4.5,0,0.5,3,0.5,0,0,0,0,4,1
1399,1,1,37, ,4,1,0,,0,,3.5,2, ,2,50,19, ,1.5,50,97, ,,,0,, ,,,, ,,,, ,,,0,0,4.5,0,0,3,0,0,0,0,0,3,1
1400,1,1,37, ,4,2,0,,0,,8,2, ,1,50,5, ,1,50,19, ,1,50,0,, ,,,, ,,,, ,,,0,0,10,0,0,1,0,0,0,0,0,6,1
1502,1,1,37, ,4,1,0,,0,,13,2, ,0,50,5, ,2,50,19, ,2,50,0,, ,,,, ,,,, ,,,0,0,14,0,0,7,0,0,0,0,0,7,1
1504,1,1,37, ,4,2.5,0,,0,,0,, ,,,, ,,,, ,,,0,, ,,,, ,,,, ,,,0,0,2.5,0,0,2.5,0,0,0,0,0,3,1
1505,1,1,37, ,4,4,0,,0,,2,2, ,1,50,5, ,1,50,97, ,,,0,, ,,,, ,,,, ,,,0,0,6,0,0,2,0,0,0,0,0,4,1
1506,1,1,37, ,4,2.25,0,,0,,0,, ,,,, ,,,, ,,,0,, ,,,, ,,,, ,,,0,0,2.25,0,0,1,0.25,0,0,0,0,3,1
1507,1,1,37, ,4,1,0,,0,,5,2, ,2,50,97, ,,,, ,,,0,, ,,,, ,,,, ,,,0,0,6,0,0,3,0,0,0,0,0,5,1
1508,1,1,37, ,4,0.5,0,,0,,6,2, ,3,50,2, ,1,50,19, ,1,50,0,, ,,,, ,,,, ,,,0,0,6.5,0,0,4.5,0,0,0,0,0,5,1
1509,1,1,14, ,16,16,0,,0,,0,, ,,,, ,,,, ,,,0,, ,,,, ,,,, ,,,0,0,16,0,0,16,0,0,0,0,0,2,1
1559,1,1,37, ,4,3,0,,0,,5,2, ,2,50,19, ,2,50,99,BARLEY,1,50,0,, ,,,, ,,,, ,,,0,0,8,0,0,4,0,0,0,0,0,6,1
1561,1,1,37, ,4,6,0,,0,,1,2, ,1,50,97, ,,,, ,,,0,, ,,,, ,,,, ,,,0,0,7,0,0,4,0,0,0,0,0,3,1
1562,1,1,14, ,4,8,0,,0,,1.5,19, ,1.5,50,97, ,,,, ,,,0,, ,,,, ,,,, ,,,0,0,9.5,0,0.5,4,0,0,0,0,0,7,1
1563,1,1,37, ,4,6.5,0,,0,,0,, ,,,, ,,,, ,,,0,, ,,,, ,,,, ,,,0,0,6.5,0,0,5,0,0,0,0,0,4,1
1895,1,1,37, ,4,3,1,1500,0,,4,19, ,2,50,99,BARLEY,2,50,97, ,,,0,, ,,,, ,,,, ,,,0,0,8,0,2,1,0,0,0,0,0,6,1
1897,1,1,37, ,4,6,0,,0,,3,2, ,1,50,99,BARLEY,1,50,99,BARLEY,1,50,0,, ,,,, ,,,, ,,,0,0,6,0,1,2,0.5,0,0,0,0,6,1
1899,1,1,37, ,4,2,0,,0,,1,19, ,1,50,97, ,,,, ,,,0,, ,,,, ,,,, ,,,0,0,3,0,1,1,0,0,0,0,0,3,1
1923,1,1,37, ,4,2,0,,0,,7,19, ,2,50,19, ,2,50,19, ,2,50,0,, ,,,, ,,,, ,,,0,0,9,0,0,1,0.5,0,0.5,0,0,5,1
1925,1,1,37, ,4,4,0,,0,,0,, ,,,, ,,,, ,,,0,, ,,,, ,,,, ,,,0,0,4,0,0,2,2,0,0,0,0,3,1
1926,1,1,15, ,4,13,0,,0,,0,, ,,,, ,,,, ,,,0,, ,,,, ,,,, ,,,0,0,13,0,1,1.5,0,0,0,0,0,6,1
1930,1,1,37, ,4,7.5,0,,0,,2,19, ,1,50,19, ,1,50,97, ,,,0,, ,,,, ,,,, ,,,0,0,9.5,0,0,1,2,0,0,0,0,6,1
1931,1,1,14, ,4,7.5,0,,0,,3.5,19, ,2,50,19, ,1.5,50,97, ,,,0,, ,,,, ,,,, ,,,0,0,7,0,0,1,2,0,1.5,0,0,5,1
1932,1,1,37, ,4,3,0,,0,,8,19, ,4,50,2, ,2,50,99,BARLEY,2,50,0,, ,,,, ,,,, ,,,0,0,11,0,0,2,2,0,0,0,0,6,1
1933,1,1,37, ,4,6,0,,0,,0,, ,,,, ,,,, ,,,0,, ,,,, ,,,, ,,,0,0,6,0,0,1,0,0,0,0,0,4,1
1934,1,1,15, ,4,14,0,,0,,0,, ,,,, ,,,, ,,,0,, ,,,, ,,,, ,,,0,0,14,0,0,1,0,0,0,0,0,7,1
1935,1,1,37, ,4,7,0,,0,,0,, ,,,, ,,,, ,,,0,, ,,,, ,,,, ,,,0,0,7,0,0,1,0,0,0,0,0,6,1
1936,1,1,17, ,4,3.5,0,,0,,0,, ,,,, ,,,, ,,,0,, ,,,, ,,,, ,,,0,0,3.5,0,0,2.5,0,0,0,0,0,2,1
1938,1,1,17, ,4,4,0,,0,,6,2, ,2,50,99,BARLEY,2,50,5, ,2,50,0,, ,,,, ,,,, ,,,0,0,10,0,2,2,0,0,0,0,0,5,1
1942,1,2,17, ,4,4,0,,0,,3,19, ,2,66,5, ,1,50,97, ,,,0,, ,,,, ,,,, ,,,0,0,7,0,2,2,0,0,0,0,0,4,1
1944,1,1,17, ,4,4.5,0,,0,,5,19, ,2,60,3, ,1,66,6, ,1,60,0,, ,,,, ,,,, ,,,0,0,9.5,0,2.5,2,1,0,0,0,0,9,1
1945,1,1,17, ,4,8,0,,0,,0,, ,,,, ,,,, ,,,0,, ,,,, ,,,, ,,,0,0,8,0,3,2,1,0,0,0,0,4,1
1947,1,1,17, ,4,3,0,,0,,3.5,19, ,1.5,60,19, ,1,60,6, ,1,60,0,, ,,,, ,,,, ,,,0,0,6.5,0,1,1.5,0,0,0,0,0,6,1
1949,1,1,17, ,4,6,0,,0,,4,3, ,1,50,99,Red Pepper,1,66,19, ,2,50,0,, ,,,, ,,,, ,,,0,0,10,0,4,2,0,0,0,0,0,8,1
1950,1,1,17, ,4,2.5,0,,0,,6,19, ,2,33,3, ,2,66,5, ,1,66,0,, ,,,, ,,,, ,,,0,0,8.5,0,2,2,0,0,0,0,0,6,1
1951,1,1,14, ,4,6,0,,0,,0,, ,,,, ,,,, ,,,0,, ,,,, ,,,, ,,,0,0,6,0,2,2,0,0,0,0,0,4,1
1952,1,1,17, ,4,4,0,,0,,1,2, ,1,75,97, ,,,, ,,,0,, ,,,, ,,,, ,,,0,0,5,0,2,1,0,0,0,0,0,4,1
1953,1,1,17, ,4,4,0,,0,,3,2, ,2,66,99,BARLEY,1,66,97, ,,,0,, ,,,, ,,,, ,,,0,0,7,0,2,2,7,0,2,0,0,3,1
1954,1,1,37, ,4,6,0,,0,,0,, ,,,, ,,,, ,,,0,, ,,,, ,,,, ,,,0,0,6,0,0,3,0,0,0,0,0,3,1
1955,1,1,37, ,4,4,0,,0,,4,19, ,1,75,2, ,1,75,99,BARLEY,2,75,0,, ,,,, ,,,, ,,,0,0,8,0,0,2,0,0,0,0,0,7,1
1957,1,1,37, ,4,11,0,,0,,2,99,BARLEY,1,50,19, ,1,50,97, ,,,0,, ,,,, ,,,, ,,,0,0,11,0,0,3,0,0,0,0,0,11,1
1960,1,1,37, ,4,8,0,,0,,0,, ,,,, ,,,, ,,,0,, ,,,, ,,,, ,,,0,0,8,0,0,4,0,0,0,0,0,6,1
1961,1,1,37, ,4,7,0,,0,,0,, ,,,, ,,,, ,,,0,, ,,,, ,,,, ,,,0,0,7,0,0,2,0,0,0,0,0,5,1
1962,1,1,37, ,4,6,0,,0,,0,, ,,,, ,,,, ,,,0,, ,,,, ,,,, ,,,0,0,6,0,0,3,0,0,0,0,0,5,1
1963,1,1,37, ,4,6,0,,0,,0,, ,,,, ,,,, ,,,0,, ,,,, ,,,, ,,,0,0,6,0,0,1,0,0,0,0,0,4,1
1965,1,2,37, ,4,8.5,0,,0,,0,, ,,,, ,,,, ,,,0,, ,,,, ,,,, ,,,0,0,8.5,0,0,3,0,0,0,0,0,9,1
1966,1,1,37, ,4,8,0,,0,,0,, ,,,, ,,,, ,,,0,, ,,,, ,,,, ,,,0,0,8,0,0,1,0,0,0,0,0,6,1
1967,1,1,37, ,4,5,0,,2,1000,0,, ,,,, ,,,, ,,,0,, ,,,, ,,,, ,,,0,0,3,0,0,1,0.5,0,0,0,0,3,1
1968,1,1,37, ,4,5.5,0,,0,,0,, ,,,, ,,,, ,,,0,, ,,,, ,,,, ,,,0,0,5.5,0,0,1,0,0,0,0,0,4,1
1969,1,1,37, ,4,3,6,1000,0,,0,, ,,,, ,,,, ,,,0,, ,,,, ,,,, ,,,0,0,8,0,0,3,0,0,0,0,0,6,1
1975,1,1,37, ,4,4,0,,0,,0,, ,,,, ,,,, ,,,0,, ,,,, ,,,, ,,,0,0,4,0,1,2,0,0,0,0,0,3,1
1976,1,1,37, ,4,2,0,,0,,2,2, ,1,50,19, ,1,50,97, ,,,0,, ,,,, ,,,, ,,,0,0,3.5,0,0.25,1,1,0,0,0,0,5,1
1978,1,1,37, ,4,3,0,,0,,1,2, ,1,50,97, ,,,, ,,,0,, ,,,, ,,,, ,,,0,0,4,0,1,2,0.5,0,0,0,0,5,1
1980,1,1,37, ,4,2,0,,0,,2,2, ,1,50,19, ,1,50,97, ,,,0,, ,,,, ,,,, ,,,0,0,4,0,1,1,0,0,0,0,0,4,1
1991,1,1,37, ,4,4,2,1000,0.5,1000,0,, ,,,, ,,,, ,,,0,, ,,,, ,,,, ,,,0,0,4,0,0,2,0,0,0,0,0,2,1
1992,1,1,37, ,4,3,0,,0,,0,, ,,,, ,,,, ,,,0,, ,,,, ,,,, ,,,0,0,3,0,0,1,0,0,0,0,0,2,1
1993,1,1,37, ,4,5.5,0,,0,,0,, ,,,, ,,,, ,,,0,, ,,,, ,,,, ,,,0,0,5.5,0,0,1,0,0,0,0,0,6,1
1994,1,1,37, ,4,2,0,,0,,2,19, ,1,50,99,BARLEY,0.5,50,97, ,,,0,, ,,,, ,,,, ,,,0,0,4,0,0,1,0,0,0,0,0,4,1
1995,1,1,37, ,4,7.25,0,,0,,0,, ,,,, ,,,, ,,,0,, ,,,, ,,,, ,,,0,0,7.25,0,0.25,1,0,0,0,0,0,7,1
1996,1,1,37, ,4,8.75,0,,0,,6.25,19, ,2,50,19, ,1,50,2, ,1,50,0,, ,,,, ,,,, ,,,0,0,8.75,0,0.5,1,0,0,0,0,0,11,1
1997,1,1,37, ,4,3.5,0,,0,,0,, ,,,, ,,,, ,,,0,, ,,,, ,,,, ,,,0,0,3.5,0,0,1.5,0,0,0,0,0,3,1
1999,1,1,37, ,4,3.25,0,,0,,0,, ,,,, ,,,, ,,,0,, ,,,, ,,,, ,,,0,0,3.25,0,0,1,0,0,0,0,0,4,1
2000,1,1,37, ,4,3,0,,0,,3,2, ,1,50,19, ,1,50,97, ,,,0,, ,,,, ,,,, ,,,0,0,6,0,0,2,0,0,0,0,0,6,1
2020,1,1,14, ,4,6,0,,0,,0,, ,,,, ,,,, ,,,0,, ,,,, ,,,, ,,,0,0,6,0,1.5,0.5,1,0,0,0,0,5,1
2021,1,1,14, ,4,3,0,,0,,3,19, ,1,50,19, ,1,50,19, ,1,50,0,, ,,,, ,,,, ,,,0,0,6,0,0,1.5,0,0,0,0,0,6,1
2023,1,1,37, ,4,4,1,500,0,,2,19, ,1,50,3, ,1,50,97, ,,,0,, ,,,, ,,,, ,,,0,0,7,0,1,1,0,0,0,0,0,7,1
2025,1,1,37, ,4,4,1,1200,0,,3,3, ,1,50,19, ,1,50,6, ,1,50,0,, ,,,, ,,,, ,,,0,0,8,0,1,2,0,0,0,0,0,7,1
2026,1,1,14, ,4,4,0,,0,,5,3, ,2,50,19, ,2,50,99,GUAYA,1,50,0,, ,,,, ,,,, ,,,0,0,9,0,2,2,0,0,0,0,0,5,1
2027,1,1,14, ,4,9,0,,0,,4,19, ,1,50,19, ,1,50,19, ,1,50,0,, ,,,, ,,,, ,,,0,0,8,0,1,1,0,0,0,0,0,4,1
2031,1,1,14, ,4,4,0,,0,,0,, ,,,, ,,,, ,,,0,, ,,,, ,,,, ,,,0,0,4,0,0,1,0,0,0,0,0,4,1
2032,1,1,15, ,4,10,8,2250,0,,2,19, ,0,0,97, ,,,, ,,,0,, ,,,, ,,,, ,,,0,0,20,0,0,2,0,0,0,0,0,7,1
2033,1,1,37, ,4,5,1,2500,0,,2,99,GUAYA,2,50,99,ONION,2,50,97, ,,,0,, ,,,, ,,,, ,,,0,0,9,0,1,1,2,0,0,0,0,5,1
2085,1,1,37, ,4,5,0,,0,,0,, ,,,, ,,,, ,,,0,, ,,,, ,,,, ,,,0,0,5,0,0,1,0,0,0,0,0,4,1
2086,1,2,15, ,4,12,0,,0,,0,, ,,,, ,,,, ,,,0,, ,,,, ,,,, ,,,0,0,12,0,0,2,0,0,0,0,0,6,1
2088,1,1,15, ,4,14,8,1500,0,,2,19, ,2,50,97, ,,,, ,,,0,, ,,,, ,,,, ,,,0,0,14,0,1,2,0,0,0,0,0,8,1
2089,1,1,37, ,4,9,0,,0,,3,19, ,3,50,97, ,,,, ,,,0,, ,,,, ,,,, ,,,0,0,12,0,2,2,0,0,0,0,0,7,1
2093,1,1,37, ,4,7.5,0,,0,,0,, ,,,, ,,,, ,,,0,, ,,,, ,,,, ,,,0,0,7.5,0,1.5,1,0,0,0,0,0,4,1
2094,1,1,14, ,4,7,0,,0,,0,, ,,,, ,,,, ,,,0,, ,,,, ,,,, ,,,0,0,7,0,1,2,0,0,0,0,0,6,1
2095,1,1,14, ,4,10,0,,0,,2,19, ,2,50,97, ,,,, ,,,0,, ,,,, ,,,, ,,,0,0,10,0,0,2,0,0,0,0,0,4,1
2096,1,1,37, ,4,3,0,,0,,4,19, ,2,50,5, ,1,50,99,GUAYA,1,50,0,, ,,,, ,,,, ,,,0,0,7,0,0,1,0,0,0,0,0,5,1
2097,1,1,37, ,4,5,0,,0,,4,2, ,2,50,97, ,,,, ,,,0,, ,,,, ,,,, ,,,0,0,9,0,1,4,0,0,0,0,0,6,1
2098,1,1,14, ,4,3,1,1500,0,,0,, ,,,, ,,,, ,,,0,, ,,,, ,,,, ,,,0,0,4,0,1,1,0,0,0,0,0,4,1
2099,1,1,37, ,4,8,0,,0,,0,, ,,,, ,,,, ,,,0,, ,,,, ,,,, ,,,0,0,8,0,0,2,0,0,0,0,0,3,1
4001,1,2,17, ,4,2,0,,0,,2,19, ,1,75,3, ,1,75,97, ,,,0,, ,,,, ,,,, ,,,0,0,4,0,1,1,0,0,0,0,0,4,1
4002,1,1,17, ,4,8,0,,0,,0,, ,,,, ,,,, ,,,0,, ,,,, ,,,, ,,,0,0,7,0,2,3,1,0,0,0,0,4,1
4003,1,1,17, ,4,5,0,,0,,2,99,BARLEY,2,50,97, ,,,, ,,,0,, ,,,, ,,,, ,,,0,0,7,0,1.5,2,0,0,0,0,0,5,1
4004,1,1,37, ,4,7,0,,0,,3,19, ,2,50,19, ,1,50,97, ,,,0,, ,,,, ,,,, ,,,0,0,7,0,1,1,0,0,0,0,0,6,1
4005,1,1,14, ,4,12,5,1200,0,,2,19, ,2,50,97, ,,,, ,,,0,, ,,,, ,,,, ,,,0,0,19,0,0,2,3,0,0,0,0,8,1
4006,1,1,37, ,4,5,0,,0,,2,19, ,2,50,97, ,,,, ,,,0,, ,,,, ,,,, ,,,0,0,7,0,2,1,0,0,0,0,0,4,1
4007,1,1,37, ,4,7,0,,0,,2,19, ,2,50,97, ,,,, ,,,0,, ,,,, ,,,, ,,,0,0,9,0,0,0.5,1,0,1,0,0,7,1
4008,1,1,37, ,4,1.25,0,,0,,3,19, ,2,50,19, ,1,50,97, ,,,0,, ,,,, ,,,, ,,,0,0,4.25,0,0.25,1,2,0,0,0,0,4,1
4009,1,1,14, ,4,7.5,0,,0,,3,19, ,2,50,19, ,1,50,97, ,,,0,, ,,,, ,,,, ,,,0,0,7.5,0,0.5,1,0,0,0,0,0,7,1
4010,1,1,37, ,4,5.5,1,4000,0,,1,19, ,1,50,97, ,,,, ,,,0,, ,,,, ,,,, ,,,0,0,7.5,0,0.5,1,0,0,0,0,0,7,1
4011,1,1,37, ,4,3.5,0,,0,,1,19, ,1,50,97, ,,,, ,,,0,, ,,,, ,,,, ,,,0,0,4,0,0.5,1,0,0,0,0,0,5,1
4012,1,1,37, ,4,3,0,,0,,9,19, ,2.5,50,19, ,2,50,99,GUAYA,2,50,0,, ,,,, ,,,, ,,,0,0,13,0,1,1,0,0,0,0,0,8,1
4013,1,1,37, ,4,7.5,0,,0,,0,, ,,,, ,,,, ,,,0,, ,,,, ,,,, ,,,0,0,7.5,0,0.5,2,1,0,0,0,0,7,1
4014,1,1,14, ,4,6.5,0,,0,,1,3, ,1,50,97, ,,,, ,,,0,, ,,,, ,,,, ,,,0,0,6.5,0,1.5,1,0,0,0,0,0,6,1
4015,1,1,14, ,4,6,0,,0,,2,2, ,2,60,97, ,,,, ,,,0,, ,,,, ,,,, ,,,0,0,6,0,1,2.5,0,0,0,0,0,6,1
4016,1,1,37, ,4,4,0,,0,,1,2, ,1,50,97, ,,,, ,,,0,, ,,,, ,,,, ,,,0,0,5,0,1,2,0,0,0,0,0,4,1
4017,1,1,37, ,4,4.5,0,,0,,2,19, ,2,50,97, ,,,, ,,,0,, ,,,, ,,,, ,,,0,0,6.5,0,1,2,0,0,0,0,0,4,1
4018,1,1,14, ,4,6,0,,0,,0,, ,,,, ,,,, ,,,0,, ,,,, ,,,, ,,,0,0,6,0,1.5,2.5,0.5,0,0,0,0,5,1
4019,1,1,37, ,4,6,0,,0,,2,3, ,2,50,97, ,,,, ,,,0,, ,,,, ,,,, ,,,0,0,8,0,2,3,1,0,0,0,0,6,1
4020,1,1,37, ,4,6,0,,0,,3,2, ,1.5,50,19, ,1.5,50,97, ,,,0,, ,,,, ,,,, ,,,0,0,9,0,1.5,4,0.25,0,0,0,0,7,1
4021,1,1,37, ,4,2,0,,0,,0,, ,,,, ,,,, ,,,0,, ,,,, ,,,, ,,,0,0,2,0,0,1,0,0,0,0,0,2,1
4022,1,1,37, ,4,3.75,0,,0,,3.5,2, ,1.5,50,2, ,2,50,97, ,,,0,, ,,,, ,,,, ,,,0,0,7.25,0,1.25,3.5,0,0,0,0,0,5,1
4023,1,1,37, ,4,4,0,,0,,2,3, ,2,50,97, ,,,, ,,,0,, ,,,, ,,,, ,,,0,0,6,0,3,0.25,0.5,0,0,0,0,6,1
4024,1,1,37, ,4,3,0,,0,,3,3, ,1,50,99,BARLEY,1,50,15, ,1,50,0,, ,,,, ,,,, ,,,0,0,6,0,1,1,1,0,0,0,0,5,1
4025,1,1,14, ,4,6,0,,0,,4,2, ,2,50,19, ,1,50,99,BARLEY,1,50,0,, ,,,, ,,,, ,,,0,0,5,0,1,2,0.5,0,0,0,0,5,1
4026,1,1,14, ,16,19,0,,0,,8,2, ,8,50,97, ,,,, ,,,0,, ,,,, ,,,, ,,,0,0,19,0,0,16,0,0,0,0,0,4,1
4027,1,1,37, ,4,1,0,,0,,5,2, ,2,50,19, ,1,50,2, ,1,50,0,, ,,,, ,,,, ,,,0,0,6,0,0,3,0,0,0,0,0,5,1
4028,1,1,37, ,4,5.75,0,,0,,5,4, ,5,50,97, ,,,, ,,,0,, ,,,, ,,,, ,,,0,0,10.75,0,0,2,0,0,0,0,0,5,1
4029,1,1,14, ,4,7.5,0,,0,,1,2, ,1,50,97, ,,,, ,,,0,, ,,,, ,,,, ,,,0,0,7.5,0,0,4,0,0,0,0,0,6,1
4030,1,3,37, ,4,8.5,0,,0,,0,, ,,,, ,,,, ,,,0,, ,,,, ,,,, ,,,0,0,8.5,0,0,0.5,0,0,0,0,0,3,1
4031,1,1,37, ,4,1.5,0,,0,,3,2, ,1,50,99,haircot bean,2,50,97, ,,,0,, ,,,, ,,,, ,,,0,0,4.5,0,0,1,0,0,0,0,0,3,1
4032,1,1,37, ,4,9.75,0,,0,,6,99,BARLEY,1,50,99,GUAYA,2,50,99,BEAN,1,50,0,, ,,,, ,,,, ,,,0,0,8.5,0,0,3.25,0,0,0,0,0,9,1
4033,1,1,37, ,4,6,0,,0,,0,, ,,,, ,,,, ,,,0,, ,,,, ,,,, ,,,0,0,6,0,0,2,0,0,0,0,0,5,1
4034,1,1,37, ,4,3,2,1750,0,,0,, ,,,, ,,,, ,,,0,, ,,,, ,,,, ,,,0,0,5,0,0,2,0,0,0,0,0,4,1
4035,1,1,37, ,4,4.5,0,,0,,0,, ,,,, ,,,, ,,,0,, ,,,, ,,,, ,,,0,0,4.5,0,0,1,0,0,0,0,0,4,1
4036,1,1,37, ,4,2,0,,0,,0,, ,,,, ,,,, ,,,0,, ,,,, ,,,, ,,,0,0,2,0,0,0.5,0,0,0,0,0,3,1
4037,1,1,37, ,4,8,0,,0,,0,, ,,,, ,,,, ,,,0,, ,,,, ,,,, ,,,0,0,8,0,0,1,4,0,0,0,0,4,1
4038,1,1,37, ,4,3,0,,0,,0,, ,,,, ,,,, ,,,0,, ,,,, ,,,, ,,,0,0,3,0,0,1,1,0,0,0,0,3,1
4039,1,1,37, ,4,2,0,,0,,1,2, ,1,50,97, ,,,, ,,,0,, ,,,, ,,,, ,,,0,0,3,0,0,2,0,0,0,0,0,3,1
4040,1,1,37, ,4,4.5,0,,0,,2,2, ,2,50,97, ,,,, ,,,0,, ,,,, ,,,, ,,,0,0,6.5,0,0,4,0,0,0,0,0,4,1
4041,1,1,37, ,4,7.25,0,,0,,0,, ,,,, ,,,, ,,,0,, ,,,, ,,,, ,,,0,0,7.25,0,0,2,2,0,0,0,0,5,1
4042,1,1,37, ,4,5,0,,0,,6,2, ,2,50,5, ,2,50,99,BARLEY,2,50,0,, ,,,, ,,,, ,,,0,0,11,0,0,2,0,0,0,0,0,6,1
4043,1,1,36, ,4,9,0,,0,,0,, ,,,, ,,,, ,,,0,, ,,,, ,,,, ,,,0,0,9,0,0,2,0,0,0,0,0,5,1
4044,1,1,37, ,4,4,0,,0,,12,2, ,4,50,6, ,5,50,5, ,2,50,0,, ,,,, ,,,, ,,,0,0,16,0,0,7,0,0,0,0,0,6,1
4045,1,1,37, ,4,2,0,,0,,2,2, ,1,50,5, ,1,50,97, ,,,0,, ,,,, ,,,, ,,,0,0,4,0,0,2,0,0,0,0,0,4,1
4046,1,1,37, ,4,8,0,,0,,0,, ,,,, ,,,, ,,,0,, ,,,, ,,,, ,,,0,0,8,0,0,4,0,0,0,0,0,5,1
4047,1,2,37, ,4,7.5,0,,0,,0,, ,,,, ,,,, ,,,0,, ,,,, ,,,, ,,,0,0,7.5,0,0,3,0,0,0,0,0,6,1
4048,1,1,37, ,4,7,0,,0,,0,, ,,,, ,,,, ,,,0,, ,,,, ,,,, ,,,0,0,7,0,0,3,0,0,0,0,0,4,1
98,1,1,41,SENGA,4,5,0,,0,,0,, ,,,, ,,,, ,,,0,, ,,,, ,,,, ,,,0,0,5,0,0,4,0,0,0,0,0,3,1
99,1,1,37, ,4,22,0,,0,,0,, ,,,, ,,,, ,,,0,, ,,,, ,,,, ,,,0,0,22,0,0,8,0,0,0,0,0,4,1
100,1,1,41,SENGA,4,9,0,,0,,0,, ,,,, ,,,, ,,,0,, ,,,, ,,,, ,,,0,0,9,0,0,4,0,0,0,0,0,4,1
101,1,1,41,SENGA,4,20,0,,0,,0,, ,,,, ,,,, ,,,0,, ,,,, ,,,, ,,,0,0,20,0,0,4,0,0,0,0,0,4,1
102,1,1,41,SENGA,4,32.5,0,,0,,0,, ,,,, ,,,, ,,,0,, ,,,, ,,,, ,,,0,0,32.5,0,0,8,0,0,0,0,0,5,1
103,1,1,41,SENGA,4,4.5,0,,0,,0,, ,,,, ,,,, ,,,0,, ,,,, ,,,, ,,,0,0,4.5,0,0,2,0,0,0,0,0,3,1
260,1,1,22, ,4,7,0,,0,,3,19, ,3,50,97, ,,,, ,,,0,, ,,,, ,,,, ,,,0,0,10,0,1,5,0,0,0,0,0,5,1
261,1,1,41,FERI,4,10,0,,0,,0,, ,,,, ,,,, ,,,0,, ,,,, ,,,, ,,,0,0,10,0,0,2,0,0,0,0,0,3,1
262,1,1,22, ,4,8,0,,3,1000,0,, ,,,, ,,,, ,,,0,, ,,,, ,,,, ,,,0,0,5,0,0,2,0,0,0,0,0,4,1
263,1,1,22, ,4,16,0,,0,,0,, ,,,, ,,,, ,,,0,, ,,,, ,,,, ,,,0,0,5,0,0,2,0,0,0,0,0,3,1
264,1,1,37, ,4,12,0,,0,,0,, ,,,, ,,,, ,,,0,, ,,,, ,,,, ,,,0,0,12,0,0,2,0,0,0,0,0,3,1
266,1,1,37, ,4,3.5,0,,0,,0,, ,,,, ,,,, ,,,0,, ,,,, ,,,, ,,,0,0,3.5,0,0,1.5,0,0,0,0,0,3,1
267,1,1,37, ,4,12,0,,10,1000,0,, ,,,, ,,,, ,,,0,, ,,,, ,,,, ,,,0,0,2,0,0,1,0,0,0,0,0,2,1
269,1,1,37, ,4,4,10,1000,0,,0,, ,,,, ,,,, ,,,0,, ,,,, ,,,, ,,,0,0,14,0,0,4,0,0,0,0,0,3,1
270,1,1,37, ,4,8,4,1000,0,,0,, ,,,, ,,,, ,,,0,, ,,,, ,,,, ,,,0,0,12,0,0,2,0,0,0,0,0,4,1
271,1,1,37, ,4,9,0,,0,,0,, ,,,, ,,,, ,,,0,, ,,,, ,,,, ,,,0,0,9,0,0,2,0,0,0,0,0,9,1
272,1,2,41,FERI,4,14,0,,0,,0,, ,,,, ,,,, ,,,0,, ,,,, ,,,, ,,,0,0,14,0,0,2,0,0,0,0,0,4,1
273,1,1,37, ,4,11,0,,0,,0,, ,,,, ,,,, ,,,0,, ,,,, ,,,, ,,,0,0,11,0,0,3,0,0,0,0,0,7,1
275,1,1,22, ,4,7,0,,0,,6,2, ,2,50,19, ,3,50,5, ,1,50,0,, ,,,, ,,,, ,,,0,0,7,7,0,3,0,0,0,0,0,4,1
276,1,1,37, ,4,15.75,0,,0,,0,, ,,,, ,,,, ,,,0,, ,,,, ,,,, ,,,0,0,15.75,0,0,4,0,0,0,0,0,9,1
277,1,1,37, ,4,10,0,,8,1000,0,, ,,,, ,,,, ,,,0,, ,,,, ,,,, ,,,0,0,2,0,0,1,0,0,0,0,0,2,1
278,1,1,37, ,4,7,0,,0,,0,, ,,,, ,,,, ,,,0,, ,,,, ,,,, ,,,0,0,7,0,0,4,0,0,0,0,0,2,1
279,1,1,37, ,4,6,0,,0,,0,, ,,,, ,,,, ,,,0,, ,,,, ,,,, ,,,0,0,6,0,0,4,0,0,0,0,0,2,1
280,1,1,22, ,4,23,0,,0,,0,, ,,,, ,,,, ,,,0,, ,,,, ,,,, ,,,0,0,23,0,0,11,0,0,0,0,0,7,1
281,1,1,37, ,4,11.5,0,,0,,0,, ,,,, ,,,, ,,,0,, ,,,, ,,,, ,,,0,0,11.5,0,0,4.5,0,0,0,0,0,5,1
282,1,1,22, ,4,19,0,,0,,0,, ,,,, ,,,, ,,,0,, ,,,, ,,,, ,,,0,0,19,0,1,6,0,0,0,0,0,9,1
283,1,1,37, ,4,16,0,,0,,0,, ,,,, ,,,, ,,,0,, ,,,, ,,,, ,,,0,0,16,0,0,6,0,0,0,0,0,5,1
285,1,1,37, ,4,5.5,0,,0,,0,, ,,,, ,,,, ,,,0,, ,,,, ,,,, ,,,0,0,5.5,0,0,4,0,0,0,0,0,2,1
286,1,1,22, ,4,4,0,,0,,0,, ,,,, ,,,, ,,,0,, ,,,, ,,,, ,,,0,0,4,0,0,1,0,0,0,0,0,3,1
287,1,1,37, ,4,4,0,,0,,0,, ,,,, ,,,, ,,,0,, ,,,, ,,,, ,,,0,0,4,0,0,2,0,0,0,0,0,2,1
289,1,1,37, ,4,11,0,,0,,0,, ,,,, ,,,, ,,,0,, ,,,, ,,,, ,,,0,0,11,0,0,6,0,0,0,0,0,4,1
290,1,1,37, ,4,3.5,0,,0,,0,, ,,,, ,,,, ,,,0,, ,,,, ,,,, ,,,0,0,3.5,0,0,1.5,0,0,0,0,0,3,1
292,1,1,37, ,4,8,0,,0,,0,, ,,,, ,,,, ,,,0,, ,,,, ,,,, ,,,0,0,8,0,0,4,0,0,0,0,0,2,1
293,1,1,37, ,4,8,0,,0,,0,, ,,,, ,,,, ,,,0,, ,,,, ,,,, ,,,0,0,8,0,0,2,0,0,0,0,0,4,1
295,1,1,22, ,4,3.75,0,,0,,0,, ,,,, ,,,, ,,,0,, ,,,, ,,,, ,,,0,0,3.75,0,0,2.75,0,0,0,0,0,4,1
296,1,1,22, ,4,3.5,4,1500,0,,0,, ,,,, ,,,, ,,,0,, ,,,, ,,,, ,,,0,0,7.5,0,0,1,0,0,0,0,0,7,1
297,1,1,22, ,4,10.5,0,,0,,0,, ,,,, ,,,, ,,,0,, ,,,, ,,,, ,,,0,0,10.5,0,0,2,0,0,0,0,0,9,1
299,1,1,22, ,4,9,13,1500,0,,0,, ,,,, ,,,, ,,,0,, ,,,, ,,,, ,,,0,0,22,0,1,8,0,0,0,0,0,6,1
301,1,1,22, ,4,5,0,,0,,0,, ,,,, ,,,, ,,,0,, ,,,, ,,,, ,,,0,0,5,0,0,2,0,0,0,0,0,3,1
302,1,1,22, ,4,5,0,,0,,0,, ,,,, ,,,, ,,,0,, ,,,, ,,,, ,,,0,0,5,0,0,2,0,0,0,0,0,3,1
303,1,1,22, ,4,6.5,0,,4.5,2000,0,, ,,,, ,,,, ,,,0,, ,,,, ,,,, ,,,0,0,2,0,0,1,0,0,0,0,0,2,1
304,1,1,22, ,4,5,8,1500,0,,0,, ,,,, ,,,, ,,,0,, ,,,, ,,,, ,,,0,0,13,0,1,4,0,0,0,0,0,8,1
305,1,1,22, ,4,12,0,,0,,0,, ,,,, ,,,, ,,,0,, ,,,, ,,,, ,,,0,0,12,0,0,2,0,0,0,0,0,5,1
307,1,1,22, ,4,4.25,0,,0,,0,, ,,,, ,,,, ,,,0,, ,,,, ,,,, ,,,0,0,4.25,0,0,1.5,0,0,0,0,0,6,1
308,1,1,22, ,4,11.5,1,2500,0,,0,, ,,,, ,,,, ,,,0,, ,,,, ,,,, ,,,0,0,11.5,0,0,6.5,0,0,0,0,0,4,1
309,1,1,22, ,4,7.5,0,,0,,0,, ,,,, ,,,, ,,,0,, ,,,, ,,,, ,,,0,0,7.5,0,0,0.5,0,0,0,0,0,7,1
310,1,1,22, ,4,5,0,,0,,0,, ,,,, ,,,, ,,,0,, ,,,, ,,,, ,,,0,0,5,0,0,2,0,0,0,0,0,5,1
311,1,1,22, ,4,7,0,,0,,0,, ,,,, ,,,, ,,,0,, ,,,, ,,,, ,,,0,0,7,0,0,2,0,0,0,0,0,4,1
490,1,1,41,SENGA,4,6.75,0,,2,1750,0,, ,,,, ,,,, ,,,0,, ,,,, ,,,, ,,,0,0,8.75,0,0,4,0,0,0,0,0,6,1
491,1,1,41,SENGA,4,11,0,,0,,0,, ,,,, ,,,, ,,,0,, ,,,, ,,,, ,,,0,0,11,0,0,4,0,0,0,0,0,6,1
492,1,1,41,SENGA,4,11.5,0,,0,,0,, ,,,, ,,,, ,,,0,, ,,,, ,,,, ,,,0,0,11.5,0,0,4,0,0,0,0,0,4,1
493,1,1,41,SENGA,4,11.5,0,,0,,0,, ,,,, ,,,, ,,,0,, ,,,, ,,,, ,,,0,0,11.5,0,0,4,0,0,0,0,0,6,1
494,1,1,41,SENGA,4,15,0,,0,,0,, ,,,, ,,,, ,,,0,, ,,,, ,,,, ,,,0,0,15,0,0,8,0,0,0,0,0,6,1
518,1,1,37, ,4,6,0,,0,,0,, ,,,, ,,,, ,,,0,, ,,,, ,,,, ,,,0,0,6,0,0,3,0,0,0,0,0,4,1
520,1,1,37, ,4,5,0,,0,,0,, ,,,, ,,,, ,,,0,, ,,,, ,,,, ,,,0,0,5,0,0,2,0,0,0,0,0,4,1
521,1,2,37, ,4,4,0,,0,,0,, ,,,, ,,,, ,,,0,, ,,,, ,,,, ,,,0,0,4,4,0,2,0,0,0,0,0,3,1
522,1,2,1, ,4,4,0,,0,,4,99,BARLEY,8,1,2, ,4,1,99,BARLEY,8,1,0,, ,,,, ,,,, ,,,0,0,8,8,0,4,0,1,0,4,0,3,1
523,1,1,37, ,4,21,0,,0,,0,, ,,,, ,,,, ,,,0,, ,,,, ,,,, ,,,0,0,21,5,0,4,0,3,1,4,1,7,1
577,1,1,41,SENGA,12,12,0,,0,,0,, ,,,, ,,,, ,,,0,, ,,,, ,,,, ,,,0,0,12,0,0,6,0,0,0,0,0,3,1
580,1,1,41,SENGA,12,12,0,,0,,0,, ,,,, ,,,, ,,,0,, ,,,, ,,,, ,,,0,0,12,0,0,4,0,0,0,0,0,4,1
581,1,1,41,SENGA,12,14,0,,0,,0,, ,,,, ,,,, ,,,0,, ,,,, ,,,, ,,,0,0,14,0,0,6,0,0,0,0,0,4,1
583,1,1,41,SENGA,12,11,0,,0,,0,, ,,,, ,,,, ,,,0,, ,,,, ,,,, ,,,0,0,11,0,0,2,0,0,0,0,0,4,1
584,1,1,41,SENGA,12,14,0,,0,,0,, ,,,, ,,,, ,,,0,, ,,,, ,,,, ,,,0,0,14,0,0,6,0,0,0,0,0,4,1
585,1,1,41,SENGA,12,10,0,,0,,0,, ,,,, ,,,, ,,,0,, ,,,, ,,,, ,,,0,0,10,0,1,4,0,0,0,0,0,4,1
586,1,1,41,SENGA,12,13,0,,0,,0,, ,,,, ,,,, ,,,0,, ,,,, ,,,, ,,,0,0,13,0,0,5,0,0,0,0,0,4,1
587,1,1,41,SENGA,12,11,0,,0,,0,, ,,,, ,,,, ,,,0,, ,,,, ,,,, ,,,0,0,9,0,1,5,0,0,0,0,0,4,1
588,1,1,41,SENGA,12,12,0,,0,,0,, ,,,, ,,,, ,,,0,, ,,,, ,,,, ,,,0,0,12,0,1,2,0,0,0,0,0,5,1
589,1,1,41,SENGA,12,11,0,,0,,0,, ,,,, ,,,, ,,,0,, ,,,, ,,,, ,,,0,0,11,0,0,2,0,0,0,0,0,4,1
590,1,1,41,SENGA,12,7,0,,0,,0,, ,,,, ,,,, ,,,0,, ,,,, ,,,, ,,,0,0,7,0,0,2,0,0,0,0,0,3,1
591,1,1,41,SENGA,12,10.5,0,,0,,0,, ,,,, ,,,, ,,,0,, ,,,, ,,,, ,,,0,0,10.5,0,0,2,0,0,0,0,0,5,1
718,1,1,37, ,4,8,0,,0,,0,, ,,,, ,,,, ,,,0,, ,,,, ,,,, ,,,0,0,8,0,0,2,0,0,0,0,0,5,1
719,1,1,37, ,4,9,0,,0,,0,, ,,,, ,,,, ,,,0,, ,,,, ,,,, ,,,0,0,9,0,0,3,0,0,0,0,0,6,1
720,1,1,41,SENGA,4,6,0,,0,,0,, ,,,, ,,,, ,,,0,, ,,,, ,,,, ,,,0,0,6,0,1,2,0,0,0,0,0,3,1
721,1,1,41,SENGA,4,4,0,,0,,0,, ,,,, ,,,, ,,,0,, ,,,, ,,,, ,,,0,0,4,0,0,1,0,0,0,0,0,4,1
722,1,1,22, ,4,7,0,,0,,0,, ,,,, ,,,, ,,,0,, ,,,, ,,,, ,,,0,0,7,0,1,1,0,0,0,0,0,6,1
723,1,1,22, ,4,12,0,,0,,0,, ,,,, ,,,, ,,,0,, ,,,, ,,,, ,,,0,0,11,0,0.5,2,0,0,0,0,0,6,1
724,1,1,37, ,4,8,0,,0,,0,, ,,,, ,,,, ,,,0,, ,,,, ,,,, ,,,0,0,8,0,2,2,0,0,0,0,0,4,1
725,1,1,41,SENGA,4,4,0,,0,,0,, ,,,, ,,,, ,,,0,, ,,,, ,,,, ,,,0,0,4,0,0,2,0,0,0,0,0,2,1
726,1,1,37, ,4,10,0,,0,,0,, ,,,, ,,,, ,,,0,, ,,,, ,,,, ,,,0,0,10,0,1,4,0,0,0,0,0,5,1
727,1,1,41,SENGA,4,3,0,,0,,0,, ,,,, ,,,, ,,,0,, ,,,, ,,,, ,,,0,0,3,0,0,1,0,0,0,0,0,2,1
728,1,1,37, ,4,7,0,,0,,0,, ,,,, ,,,, ,,,0,, ,,,, ,,,, ,,,0,0,7,0,0,3,0,0,0,0,0,4,1
729,1,1,41,SENGA,4,8,0,,0,,0,, ,,,, ,,,, ,,,0,, ,,,, ,,,, ,,,0,0,8,0,0,3,0,0,0,0,0,3,1
801,1,1,37, ,4,6,0,,0,,0,, ,,,, ,,,, ,,,0,, ,,,, ,,,, ,,,0,0,5,0,1.5,2,0.5,0,0,0.5,0,3,1
802,1,1,41,SENGA,4,12,0,,0,,0,, ,,,, ,,,, ,,,0,, ,,,, ,,,, ,,,0,0,12,0,2,1,0,0,0,0,0,5,1
803,1,1,41,SENGA,4,7,0,,0,,0,, ,,,, ,,,, ,,,0,, ,,,, ,,,, ,,,0,0,7,0,2,2,0,0,0,0,0,3,1
805,1,1,37, ,4,20,0,,0,,0,, ,,,, ,,,, ,,,0,, ,,,, ,,,, ,,,0,0,20,0,4,2,1,0,0,0.5,0,5,1
806,1,1,41,SENGA,4,7.5,0,,0,,0,, ,,,, ,,,, ,,,0,, ,,,, ,,,, ,,,0,0,7.5,0,2,1,0,0,0,0,0,4,1
807,1,1,37, ,8,10,0,,0,,0,, ,,,, ,,,, ,,,0,, ,,,, ,,,, ,,,0,0,9,0,0,3,0,0,0,0,0,4,1
808,1,2,41,SENGA,4,13,0,,0,,0,, ,,,, ,,,, ,,,0,, ,,,, ,,,, ,,,0,0,13,0,0,4,0,0,0,0,0,3,1
809,1,1,41,SENGA,4,6,0,,0,,0,, ,,,, ,,,, ,,,0,, ,,,, ,,,, ,,,0,0,6,0,0,2,0,0,0,0,0,3,1
810,1,2,41,SENGA,4,3.5,0,,0,,0,, ,,,, ,,,, ,,,0,, ,,,, ,,,, ,,,0,0,3.5,0,0,1,0,0,0,0,0,3,1
812,1,1,37, ,8,3,0,,0,,2,19, ,2,50,97, ,,,, ,,,0,, ,,,, ,,,, ,,,0,0,5,0,0,3,0,0,0,0,0,2,1
813,1,1,41,SENGA,4,8.5,0,,0,,0,, ,,,, ,,,, ,,,0,, ,,,, ,,,, ,,,0,0,8.5,0,0.5,2,0,0,0,0,0,4,1
814,1,1,37, ,4,5.5,0,,0,,0,, ,,,, ,,,, ,,,0,, ,,,, ,,,, ,,,0,0,5.5,0,0,3.5,0,0,0,0,0,4,1
816,1,1,37, ,4,7,0,,0,,0,, ,,,, ,,,, ,,,0,, ,,,, ,,,, ,,,0,0,7,0,0,2,0,0,0,0,0,4,1
1158,1,1,22, ,4,8,7,1000,0,,0,, ,,,, ,,,, ,,,0,, ,,,, ,,,, ,,,0,0,8,0,0,2,0,0,0,0,0,4,1
1159,1,1,37, ,4,4,0,,0,,0,, ,,,, ,,,, ,,,0,, ,,,, ,,,, ,,,0,0,4,0,0.5,2,0,0,0,0,0,3,1
1163,1,1,37, ,4,9,0,,0,,0,, ,,,, ,,,, ,,,0,, ,,,, ,,,, ,,,0,0,9,0,0,2,0,0,0,0,0,3,1
1164,1,1,37, ,4,6.5,3.5,1500,0,,0,, ,,,, ,,,, ,,,0,, ,,,, ,,,, ,,,0,0,10,0,0,4,0,0,0,0,0,6,1
1165,1,2,37, ,4,12,0,,0,,0,, ,,,, ,,,, ,,,0,, ,,,, ,,,, ,,,0,0,12,0,0,2,0,0,0,0,0,2,1
1166,1,1,37, ,4,8.75,1.5,2500,0,,0,, ,,,, ,,,, ,,,0,, ,,,, ,,,, ,,,0,0,10.25,0,0,5,0,0,0,0,0,10,1
1167,1,1,37, ,4,9,0,,0,,0,, ,,,, ,,,, ,,,0,, ,,,, ,,,, ,,,0,0,9,0,0,4,0,0,0,0,0,4,1
1168,1,1,37, ,4,10,0,,0,,0,, ,,,, ,,,, ,,,0,, ,,,, ,,,, ,,,0,0,9.5,0,0,5,0,0,0,0,0,4,1
1169,1,1,37, ,4,13,0,,0,,0,, ,,,, ,,,, ,,,0,, ,,,, ,,,, ,,,0,0,12.5,0,0,4,0,0,0,0,0,6,1
1170,1,1,37, ,4,16,0,,0,,0,, ,,,, ,,,, ,,,0,, ,,,, ,,,, ,,,0,0,16,0,0,6,0,0,0,0,0,3,1
1171,1,1,37, ,4,11.5,0,,0,,0,, ,,,, ,,,, ,,,0,, ,,,, ,,,, ,,,0,0,11.5,0,0,5,0,0,0,0,0,9,1
1174,1,1,37, ,4,2.5,2,1000,0,,0,, ,,,, ,,,, ,,,0,, ,,,, ,,,, ,,,0,0,4.5,0,0,2,0,0,0,0,0,3,1
1253,1,1,22, ,4,2,0,,0,,0,, ,,,, ,,,, ,,,0,, ,,,, ,,,, ,,,0,0,2,0,0,2,0,0,0,0,0,1,1
1254,1,1,22, ,4,8,0,,0,,0,, ,,,, ,,,, ,,,0,, ,,,, ,,,, ,,,0,0,8,0,5,2,0,0,0,0,0,3,1
1255,1,1,22, ,4,5,0,,0,,0,, ,,,, ,,,, ,,,0,, ,,,, ,,,, ,,,0,0,5,0,1,3,0,0,0,0,0,3,1
1257,1,1,22, ,4,2,0,,0,,0,, ,,,, ,,,, ,,,0,, ,,,, ,,,, ,,,0,0,2,0,1,1,0,0,0,0,0,2,1
1258,1,1,22, ,4,4,0,,0,,0,, ,,,, ,,,, ,,,0,, ,,,, ,,,, ,,,0,0,4,0,1,3,0,0,0,0,0,2,1
1259,1,1,22, ,4,2.5,0,,0,,0,, ,,,, ,,,, ,,,0,, ,,,, ,,,, ,,,0,0,2.5,0,1,1.5,0,0,0,0,0,2,1
1260,1,1,22, ,4,8,0,,0,,0,, ,,,, ,,,, ,,,0,, ,,,, ,,,, ,,,0,0,8,0,5,3,0,0,0,0,0,2,1
1261,1,1,22, ,4,6,0,,0,,0,, ,,,, ,,,, ,,,0,, ,,,, ,,,, ,,,0,0,6,0,2,4,0,0,0,0,0,2,1
1262,1,1,22, ,4,5.5,0,,0,,0,, ,,,, ,,,, ,,,0,, ,,,, ,,,, ,,,0,0,5.5,0,4,1.5,0,0,0,0,0,2,1
1263,1,1,22, ,4,2,0,,0,,0,, ,,,, ,,,, ,,,0,, ,,,, ,,,, ,,,0,0,2,0,0,2,0,0,0,0,0,1,1
1264,1,1,22, ,4,4,0,,0,,0,, ,,,, ,,,, ,,,0,, ,,,, ,,,, ,,,0,0,4,0,1,3,0,0,0,0,0,2,1
1265,1,1,22, ,4,4,0,,0,,0,, ,,,, ,,,, ,,,0,, ,,,, ,,,, ,,,0,0,4,0,2,2,0,0,0,0,0,2,1
1266,1,1,22, ,4,6,0,,0,,0,, ,,,, ,,,, ,,,0,, ,,,, ,,,, ,,,0,0,6,0,2,4,0,0,0,0,0,2,1
1267,1,1,22, ,4,7,0,,0,,0,, ,,,, ,,,, ,,,0,, ,,,, ,,,, ,,,0,0,7,0,5,2,0,0,0,0,0,2,1
1268,1,1,22, ,4,15,0,,0,,0,, ,,,, ,,,, ,,,0,, ,,,, ,,,, ,,,0,0,15,0,6,6,0,0,0,0,0,3,1
1269,1,1,22, ,4,1,0,,0,,0,, ,,,, ,,,, ,,,0,, ,,,, ,,,, ,,,0,0,1,0,0,1,0,0,0,0,0,1,1
1336,1,1,37, ,4,16,0,,0,,0,, ,,,, ,,,, ,,,0,, ,,,, ,,,, ,,,0,0,15,0,6,2,0,0,0,0,0,7,1
1337,1,1,37, ,4,2,0,,0,,0,, ,,,, ,,,, ,,,0,, ,,,, ,,,, ,,,0,0,2,0,0,1,0.5,0,0,0.5,0,2,1
1339,1,1,37, ,4,7,0,,0,,0,, ,,,, ,,,, ,,,0,, ,,,, ,,,, ,,,0,0,7,0,1,1,0,0,0,0,0,5,1
1340,1,1,41,SENGA,4,7,0,,0,,0,, ,,,, ,,,, ,,,0,, ,,,, ,,,, ,,,0,0,7,0,2,1,0,0,0,0,0,3,1
1341,1,1,37, ,4,7,0,,0,,0,, ,,,, ,,,, ,,,0,, ,,,, ,,,, ,,,0,0,2,0,1,1,0,0,0,0,0,2,1
1342,1,1,37, ,4,8,0,,0,,0,, ,,,, ,,,, ,,,0,, ,,,, ,,,, ,,,0,0,8,0,3,2,0.5,0,0,0,0,4,1
1416,1,1,37, ,4,3,0,,0,,0,, ,,,, ,,,, ,,,0,, ,,,, ,,,, ,,,0,0,3,0,0,1,0,0,0,0,0,2,1
1418,1,1,37, ,4,3,0,,0,,0,, ,,,, ,,,, ,,,0,, ,,,, ,,,, ,,,0,0,3,0,0,2,0,0,0,0,0,2,1
1420,1,1,37, ,4,3,0,,0,,0,, ,,,, ,,,, ,,,0,, ,,,, ,,,, ,,,0,0,3,0,0,1,0,0,0,0,0,3,1
1421,1,1,37, ,4,5,0,,4,1000,0,, ,,,, ,,,, ,,,0,, ,,,, ,,,, ,,,0,0,1,0,0,1,0,0,0,0,0,1,1
1424,1,1,37, ,4,3,0,,0,,0,, ,,,, ,,,, ,,,0,, ,,,, ,,,, ,,,0,0,3,0,0,2,0,0,0,0,0,3,1
1425,1,1,37, ,4,6,0,,0,,0,, ,,,, ,,,, ,,,0,, ,,,, ,,,, ,,,0,0,6,0,0,3.5,0,0,0,0,0,4,1
1430,1,1,37, ,4,2,0,,0,,0,, ,,,, ,,,, ,,,0,, ,,,, ,,,, ,,,0,0,2,0,0,2,0,0,0,0,0,2,1
1431,1,1,37, ,4,3,0,,0,,0,, ,,,, ,,,, ,,,0,, ,,,, ,,,, ,,,0,0,3,0,0,2,0,0,0,0,0,2,1
1433,1,1,37, ,4,6,0,,0,,0,, ,,,, ,,,, ,,,0,, ,,,, ,,,, ,,,0,0,6,0,2,4,0,0,0,0,0,3,1
1453,1,1,37, ,4,8,0,,0,,0,, ,,,, ,,,, ,,,0,, ,,,, ,,,, ,,,0,0,8,0,0,4,0,0,0,0,0,3,1
1454,1,1,22, ,4,2,2,1000,0,,0,, ,,,, ,,,, ,,,0,, ,,,, ,,,, ,,,0,0,4,0,0,2,0,0,0,0,0,2,1
1455,1,1,22, ,4,7,0,,0,,0,, ,,,, ,,,, ,,,0,, ,,,, ,,,, ,,,0,0,7,0,0,2,0,0,0,0,0,3,1
1456,1,1,22, ,4,7,4,1000,0,,0,, ,,,, ,,,, ,,,0,, ,,,, ,,,, ,,,0,0,11,0,2,4,0,0,0,0,0,6,1
1458,1,1,37, ,4,7,0,,0,,0,, ,,,, ,,,, ,,,0,, ,,,, ,,,, ,,,0,0,7,0,0,3,0,0,0,0,0,3,1
1459,1,1,37, ,4,4,0,,0,,0,, ,,,, ,,,, ,,,0,, ,,,, ,,,, ,,,0,0,4,0,0,4,0,0,0,0,0,1,1
1460,1,1,37, ,4,8,0,,0,,0,, ,,,, ,,,, ,,,0,, ,,,, ,,,, ,,,0,0,8,0,0,4,0,0,0,0,0,3,1
1461,1,1,22, ,4,14,0,,0,,0,, ,,,, ,,,, ,,,0,, ,,,, ,,,, ,,,0,0,14,0,0,2,0,0,0,0,0,3,1
1462,1,1,37, ,4,20,0,,0,,0,, ,,,, ,,,, ,,,0,, ,,,, ,,,, ,,,0,0,7.5,0,0,3,0,0,0,0,0,3,1
1463,1,1,22, ,4,14.5,0,,0,,0,, ,,,, ,,,, ,,,0,, ,,,, ,,,, ,,,0,0,14.5,0,0.5,11,0,0,0,0,0,7,1
1464,1,1,37, ,4,14,0,,0,,0,, ,,,, ,,,, ,,,0,, ,,,, ,,,, ,,,0,0,14,0,0,4,0,0,0,0,0,4,1
1465,1,0,37, ,4,9,0,,0,,0,, ,,,, ,,,, ,,,0,, ,,,, ,,,, ,,,0,0,9,0,0,4,0,0,0,0,0,3,1
1466,1,1,37, ,4,8,0,,0,,0,, ,,,, ,,,, ,,,0,, ,,,, ,,,, ,,,0,0,8,0,0,4,0,0,0,0,0,3,1
1512,1,1,37, ,4,4,0,,0,,0,, ,,,, ,,,, ,,,0,, ,,,, ,,,, ,,,0,0,4,0,0,2,0,0,0,0,0,2,1
1514,1,1,37, ,4,5,0,,0,,0,, ,,,, ,,,, ,,,0,, ,,,, ,,,, ,,,0,0,5,0,0,2,0,0,0,0,0,3,1
1515,1,1,37, ,4,6,0,,0,,0,, ,,,, ,,,, ,,,0,, ,,,, ,,,, ,,,0,0,6,0,0,2,0,0,0,0,0,4,1
1516,1,1,37, ,4,4,0,,0,,0,, ,,,, ,,,, ,,,0,, ,,,, ,,,, ,,,0,0,4,0,0,2,0,0,0,0,0,2,1
1517,1,1,37, ,4,4,0,,0,,0,, ,,,, ,,,, ,,,0,, ,,,, ,,,, ,,,0,0,4,0,0,2,0,0,0,0,0,3,1
1518,1,1,37, ,4,4,0,,0,,0,, ,,,, ,,,, ,,,0,, ,,,, ,,,, ,,,0,0,4,0,0,1,0,0,0,0,0,3,1
1521,1,1,37, ,4,4,0,,0,,0,, ,,,, ,,,, ,,,0,, ,,,, ,,,, ,,,0,0,4,0,0,2,0,0,0,0,0,2,1
1522,1,1,37, ,4,5,0,,0,,0,, ,,,, ,,,, ,,,0,, ,,,, ,,,, ,,,0,0,5,0,0,2,0,0,0,0,0,3,1
1525,1,1,37, ,4,6,0,,0,,0,, ,,,, ,,,, ,,,0,, ,,,, ,,,, ,,,0,0,6,0,0,2,0,0,0,0,0,3,1
1526,1,1,37, ,4,5,0,,0,,0,, ,,,, ,,,, ,,,0,, ,,,, ,,,, ,,,0,0,5,0,0,1,0,0,0,0,0,4,1
1527,1,1,41,FECHASA,4,3.5,0,,0,,0,, ,,,, ,,,, ,,,0,, ,,,, ,,,, ,,,0,0,3.5,0,0.5,1,0,0,0,0,0,4,1
1528,1,1,37, ,4,4,0,,0,,0,, ,,,, ,,,, ,,,0,, ,,,, ,,,, ,,,0,0,4,0,0,2,0,0,0,0,0,3,1
1529,1,1,41,FECHASA,4,13,0,,0,,0,, ,,,, ,,,, ,,,0,, ,,,, ,,,, ,,,0,0,13,0,0,4,0,0,0,0,0,5,1
1530,1,1,41,FECHASA,4,3,0,,0,,0,, ,,,, ,,,, ,,,0,, ,,,, ,,,, ,,,0,0,3,0,0,1,0,0,0,0,0,3,1
1531,1,1,37, ,4,3,0,,0,,0,, ,,,, ,,,, ,,,2,2, ,2,50,97, ,,,, ,,,0,0,5,0,0,3,0,0,0,0,0,2,1
1533,1,1,41,SENGA,12,11,0,,0,,0,, ,,,, ,,,, ,,,0,, ,,,, ,,,, ,,,0,0,10,0,1,4,0,0,0,0,0,4,1
1534,1,1,41,SENGA,12,11,0,,0,,0,, ,,,, ,,,, ,,,0,, ,,,, ,,,, ,,,0,0,8,0,0,3,0,0,0,0,0,4,1
1535,1,1,22, ,4,3.5,0,,0,,0,, ,,,, ,,,, ,,,0,, ,,,, ,,,, ,,,0,0,3.5,0,0,2,0,0,0,0,0,2,1
1536,1,1,22, ,4,5,0,,0,,0,, ,,,, ,,,, ,,,0,, ,,,, ,,,, ,,,0,0,5,0,0,1.5,0,0,0,0,0,4,1
1539,1,1,37, ,4,7.5,0,,0,,0,, ,,,, ,,,, ,,,0,, ,,,, ,,,, ,,,0,0,7.5,0,0,3,0,0,0,0,0,4,1
1540,1,1,22, ,4,2,0,,0,,0,, ,,,, ,,,, ,,,0,, ,,,, ,,,, ,,,0,0,2,0,0,2,0,0,0,0,0,2,1
1542,1,1,22, ,4,6,0,,0,,0,, ,,,, ,,,, ,,,0,, ,,,, ,,,, ,,,0,0,6,0,1,1,0,0,0,0,0,4,1
1543,1,1,22, ,4,3,0,,0,,0,, ,,,, ,,,, ,,,0,, ,,,, ,,,, ,,,0,0,3,0,0,2,0,0,0,0,0,2,1
1545,1,1,22, ,4,5,0,,0,,0,, ,,,, ,,,, ,,,0,, ,,,, ,,,, ,,,0,0,5,0,0.5,2,0,0,0,0,0,4,1
1546,1,1,22, ,4,4.5,0,,0,,0,, ,,,, ,,,, ,,,0,, ,,,, ,,,, ,,,0,0,4.5,0,0,1.5,0,0,0,0,0,3,1
1548,1,1,22, ,4,2,0,,0,,0,, ,,,, ,,,, ,,,0,, ,,,, ,,,, ,,,0,0,2,0,0,1,0,0,0,0,0,2,1
1549,1,1,22, ,4,3.5,0,,0,,0,, ,,,, ,,,, ,,,0,, ,,,, ,,,, ,,,0,0,3.5,0,0,1,0,0,0,0,0,3,1
1551,1,1,22, ,4,4,0,,0,,0,, ,,,, ,,,, ,,,0,, ,,,, ,,,, ,,,0,0,4,0,0,2,0,0,0,0,0,2,1
1552,1,1,22, ,4,8.5,0,,0,,0,, ,,,, ,,,, ,,,0,, ,,,, ,,,, ,,,0,0,8.5,0,0.5,3,0,0,0,0,0,4,1
1553,1,1,37, ,4,3.5,0,,0,,0,, ,,,, ,,,, ,,,0,, ,,,, ,,,, ,,,0,0,3.5,0,0,2,0,0,0,0,0,3,1
1554,1,1,37, ,4,12,0,,0,,0,, ,,,, ,,,, ,,,0,, ,,,, ,,,, ,,,0,0,12,0,0,4,0,0,0,0,0,4,1
1556,1,1,22, ,4,8.5,0,,0,,0,, ,,,, ,,,, ,,,0,, ,,,, ,,,, ,,,0,0,8.5,0,0,1,0,0,0,0,0,4,1
1580,1,1,22, ,4,13,0,,10,1500,0,, ,,,, ,,,, ,,,0,, ,,,, ,,,, ,,,0,0,3,0,0,2,0,0,0,0,0,2,1
1581,1,1,22, ,4,5,0,,0,,0,, ,,,, ,,,, ,,,0,, ,,,, ,,,, ,,,0,0,5,0,0,4.5,0,0,0,0,0,3,1
1582,1,1,22, ,4,8,0,,0,,0,, ,,,, ,,,, ,,,0,, ,,,, ,,,, ,,,0,0,8,0,0,5,0,0,0,0,0,2,1
1583,1,1,22, ,4,6,0,,0,,0,, ,,,, ,,,, ,,,0,, ,,,, ,,,, ,,,0,0,6,0,0,3,0,0,0,0,0,2,1
1585,1,1,22, ,4,16,0,,0,,0,, ,,,, ,,,, ,,,0,, ,,,, ,,,, ,,,0,0,16,0,0,10,0,0,0,0,0,4,1
1586,1,1,22, ,4,7.5,0,,0,,0,, ,,,, ,,,, ,,,0,, ,,,, ,,,, ,,,0,0,7.5,0,0.5,4,0,0,0,0,0,4,1
1587,1,1,22, ,4,7,0,,0,,0,, ,,,, ,,,, ,,,0,, ,,,, ,,,, ,,,0,0,7,0,1,3,0,0,0,0,0,4,1
1589,1,1,22, ,4,5,8,1000,0,,0,, ,,,, ,,,, ,,,0,, ,,,, ,,,, ,,,0,0,13,0,0,6,0,0,0,0,0,5,1
1590,1,1,22, ,4,10,2,2500,0,,0,, ,,,, ,,,, ,,,0,, ,,,, ,,,, ,,,0,0,10,0,0,2,0,0,0,0,0,4,1
1591,1,1,22, ,4,6,9,1500,0,,0,, ,,,, ,,,, ,,,0,, ,,,, ,,,, ,,,0,0,15,0,0,7,0,0,0,0,0,5,1
1593,1,1,22, ,4,5.5,0,,0,,0,, ,,,, ,,,, ,,,0,, ,,,, ,,,, ,,,0,0,4.5,0,0,4.5,0,0,0,0,0,3,1
1611,1,1,22, ,4,13,0,,0,,0,, ,,,, ,,,, ,,,0,, ,,,, ,,,, ,,,0,0,11,0,0.5,4,0,0,0,0,0,6,1
1612,1,1,22, ,4,4,0,,0,,0,, ,,,, ,,,, ,,,0,, ,,,, ,,,, ,,,0,0,4,0,0.5,1,0,0,0,0,0,1,1
1614,1,1,22, ,4,16.5,4,1250,0,,0,, ,,,, ,,,, ,,,0,, ,,,, ,,,, ,,,0,0,20.5,0,0,4,0,0,0,0,0,7,1
1615,1,1,22, ,4,12.5,0,,6.5,1000,0,, ,,,, ,,,, ,,,0,, ,,,, ,,,, ,,,0,0,6,0,0,4,0,0,0,0,0,2,1
1616,1,1,22, ,4,13,0,,0,,0,, ,,,, ,,,, ,,,0,, ,,,, ,,,, ,,,0,0,13,0,1,3,0,0,0,0,0,5,1
1620,1,1,22, ,4,3,2,1500,0,,0,, ,,,, ,,,, ,,,0,, ,,,, ,,,, ,,,0,0,24,0,0,7,0,0,0,0,0,13,1
1622,1,1,22, ,4,11,7,1000,0,,0,, ,,,, ,,,, ,,,0,, ,,,, ,,,, ,,,0,0,11,0,1,3,0,0,0,0,0,6,1
1623,1,1,37, ,4,9,0,,0,,0,, ,,,, ,,,, ,,,0,, ,,,, ,,,, ,,,0,0,9,0,0,2,0,0,0,0,0,5,1
1624,1,1,16, ,1,1.25,3.75,1000,0,,0,, ,,,, ,,,, ,,,0,, ,,,, ,,,, ,,,0,0,5,0,0,1,0,0,0,0,0,8,1
1626,1,1,22, ,4,8,0,,0,,0,, ,,,, ,,,, ,,,0,, ,,,, ,,,, ,,,0,0,8,0,1,4,0,0,0,0,0,3,1
1627,1,1,41,FECHASA,4,6,0,,0,,0,, ,,,, ,,,, ,,,0,, ,,,, ,,,, ,,,0,0,6,0,1,1,0,0,0,0,0,5,1
1628,1,1,41,FECHASA,4,5,0,,0,,0,, ,,,, ,,,, ,,,0,, ,,,, ,,,, ,,,0,0,5,0,1,1,0,0,0,0,0,4,1
1629,1,1,41,FECHASA,4,2.5,0,,0,,0,, ,,,, ,,,, ,,,0,, ,,,, ,,,, ,,,0,0,2.5,0,0,1,0,0,0,0,0,3,1
1630,1,1,41,FECHASA,4,4.5,0,,0,,0,, ,,,, ,,,, ,,,0,, ,,,, ,,,, ,,,0,0,4,0,1,1,0,0,0,0,0,4,1
1631,1,1,41,FECHASA,4,2,0,,0,,0,, ,,,, ,,,, ,,,0,, ,,,, ,,,, ,,,0,0,2,0,0,0.5,0,0,0,0,0,3,1
1632,1,1,41,FECHASA,4,7,0,,0,,0,, ,,,, ,,,, ,,,0,, ,,,, ,,,, ,,,0,0,7,0,0,1,0,0,0,0,0,5,1
1633,1,2,41,FECHASA,4,6,0,,0,,0,, ,,,, ,,,, ,,,0,, ,,,, ,,,, ,,,0,0,6,0,2,1,0,0,0,0,0,4,1
1634,1,1,41,FECHASA,4,5,0,,0,,0,, ,,,, ,,,, ,,,0,, ,,,, ,,,, ,,,0,0,5,0,1,2,0,0,0,0,0,4,1
1636,1,1,41,FECHASA,4,7.5,0,,0,,0,, ,,,, ,,,, ,,,0,, ,,,, ,,,, ,,,0,0,7.5,0,0,2,0,0,0,0,0,4,1
1638,1,1,41,FECHASA,4,6,0,,0,,0,, ,,,, ,,,, ,,,0,, ,,,, ,,,, ,,,0,0,6,0,2,1,0,0,0,0,0,4,1
1639,1,1,41,FECHASA,4,8,0,,0,,0,, ,,,, ,,,, ,,,0,, ,,,, ,,,, ,,,0,0,8,0,0,1,0,0,0,0,0,4,1
1640,1,1,41,FECHASA,4,5,0,,0,,0,, ,,,, ,,,, ,,,0,, ,,,, ,,,, ,,,0,0,5,0,0,2,0,0,0,0,0,4,1
1641,1,1,41,SENGA,4,10,0,,0,,0,, ,,,, ,,,, ,,,0,, ,,,, ,,,, ,,,0,0,10,0,0,2,0,0,0,0,0,5,1
1642,1,1,41,SENGA,4,3.5,0,,0,,0,, ,,,, ,,,, ,,,0,, ,,,, ,,,, ,,,0,0,3.5,0,0,1,0,0,0,0,0,4,1
1643,1,1,41,SENGA,4,5.5,0,,0,,0,, ,,,, ,,,, ,,,0,, ,,,, ,,,, ,,,0,0,5.5,0,0,2,0,0,0,0,0,4,1
1644,1,1,41,SENGA,4,18.5,0,,0,,0,, ,,,, ,,,, ,,,0,, ,,,, ,,,, ,,,0,0,18.5,0,0,4,0,0,0,0,0,8,1
1645,1,1,41,SENGA,4,14,0,,0,,0,, ,,,, ,,,, ,,,0,, ,,,, ,,,, ,,,0,0,14,0,0,3,0,0,0,0,0,6,1
1647,1,1,41,SENGA,4,22,0,,0,,0,, ,,,, ,,,, ,,,0,, ,,,, ,,,, ,,,0,0,22,0,0,9,0,0,0,0,0,5,1
1648,1,1,37, ,4,5,0,,0,,0,, ,,,, ,,,, ,,,0,, ,,,, ,,,, ,,,0,0,5,0,0,2,0,0,0,0,0,4,1
1649,1,1,37, ,4,24,0,,0,,0,, ,,,, ,,,, ,,,0,, ,,,, ,,,, ,,,0,0,24,0,0,8,0,0,0,0,0,5,1
1651,1,1,41,SENGA,4,12,0,,0,,0,, ,,,, ,,,, ,,,0,, ,,,, ,,,, ,,,0,0,12,0,0,4,0,0,0,8,0,4,1
1652,1,1,37, ,4,17,0,,0,,0,, ,,,, ,,,, ,,,0,, ,,,, ,,,, ,,,0,0,16,0,0,8,0,0,0,0,0,4,1
1675,1,1,37, ,8,10,0,,0,,0,, ,,,, ,,,, ,,,0,, ,,,, ,,,, ,,,0,0,10,0,2,4,0,0,0,0,0,4,1
1676,1,1,37, ,8,10,0,,0,,0,, ,,,, ,,,, ,,,0,, ,,,, ,,,, ,,,0,0,10,0,2,4,0,0,0,0,0,4,1
1681,1,1,37, ,4,5,0,,0,,0,, ,,,, ,,,, ,,,0,, ,,,, ,,,, ,,,0,0,5,0,0,2,0,0,0,0,0,3,1
1683,1,1,37, ,4,4,0,,0,,0,, ,,,, ,,,, ,,,0,, ,,,, ,,,, ,,,0,0,4,0,1,2,0,0,0,0,0,3,1
1688,1,1,22, ,4,15,7,4000,0,,0,, ,,,, ,,,, ,,,0,, ,,,, ,,,, ,,,0,0,22,0,2,2,0,0,0,0,0,7,1
1689,1,1,22, ,4,9,5,4000,0,,0,, ,,,, ,,,, ,,,0,, ,,,, ,,,, ,,,0,0,14,0,0,2,0,0,0,0,0,6,1
1690,1,1,22, ,4,4,7,4000,0,,0,, ,,,, ,,,, ,,,0,, ,,,, ,,,, ,,,0,0,11,0,1,2,0,0,0,0,0,6,1
1692,1,1,22, ,4,1,10,4000,0,,0,, ,,,, ,,,, ,,,0,, ,,,, ,,,, ,,,0,0,11,0,1,2,0,0,0,0,0,5,1
1693,1,1,22, ,4,18,0,,0,,0,, ,,,, ,,,, ,,,0,, ,,,, ,,,, ,,,0,0,18,0,3,2,0,0,0,0,0,6,1
1709,1,1,41,SENGA,4,9,0,,0,,0,, ,,,, ,,,, ,,,0,, ,,,, ,,,, ,,,0,0,9,0,0,4,0,0,0,0,0,4,1
1710,1,1,41,SENGA,4,12,0,,0,,0,, ,,,, ,,,, ,,,0,, ,,,, ,,,, ,,,0,0,12,0,0,4,0,0,0,0,0,4,1
1711,1,1,37, ,4,10,0,,0,,0,, ,,,, ,,,, ,,,0,, ,,,, ,,,, ,,,0,0,10,0,0,3,0,0,0,0,0,4,1
1712,1,1,41,SENGA,4,12,0,,0,,0,, ,,,, ,,,, ,,,0,, ,,,, ,,,, ,,,0,0,12,0,0,4,0,0,0,0,0,4,1
1713,1,1,37, ,4,24,0,,0,,0,, ,,,, ,,,, ,,,0,, ,,,, ,,,, ,,,0,0,24,0,0,8,0,0,0,0,0,3,1
1714,1,1,41,SENGA,4,8.5,0,,0,,0,, ,,,, ,,,, ,,,0,, ,,,, ,,,, ,,,0,0,8.5,0,0,4,0,0,0,0,0,3,1
1715,1,1,22, ,4,8,0,,0,,0,, ,,,, ,,,, ,,,0,, ,,,, ,,,, ,,,0,0,8,0,1,2,0,0,0,0,0,4,1
1716,1,1,22, ,4,20,0,,0,,0,, ,,,, ,,,, ,,,0,, ,,,, ,,,, ,,,0,0,20,0,4,4,0,0,0,0,0,5,1
1719,1,1,22, ,4,26,0,,0,,0,, ,,,, ,,,, ,,,0,, ,,,, ,,,, ,,,0,0,26,0,1,5,0,0,0,0,0,5,1
1721,1,1,22, ,4,5,0,,0,,0,, ,,,, ,,,, ,,,0,, ,,,, ,,,, ,,,0,0,5,0,1,1,0,0,0,0,0,3,1
1722,1,1,22, ,4,8,0,,0,,0,, ,,,, ,,,, ,,,0,, ,,,, ,,,, ,,,0,0,8,0,1,2,0,0,0,0,0,5,1
1723,1,1,22, ,4,8,2,4000,0,,0,, ,,,, ,,,, ,,,0,, ,,,, ,,,, ,,,0,0,10,0,1,2,0,0,0,0,0,5,1
1724,1,1,22, ,4,14,0,,0,,0,, ,,,, ,,,, ,,,0,, ,,,, ,,,, ,,,0,0,14,0,2,4,0,0,0,0,0,6,1
1725,1,1,22, ,4,1,10,4000,0,,0,, ,,,, ,,,, ,,,0,, ,,,, ,,,, ,,,0,0,11,0,1,1,0,0,0,0,0,5,1
1726,1,1,22, ,4,15,0,,0,,0,, ,,,, ,,,, ,,,0,, ,,,, ,,,, ,,,0,0,15,0,2,15,0,0,0,0,0,6,1
1802,1,1,22, ,4,12,14.5,3500,0,,0,, ,,,, ,,,, ,,,0,, ,,,, ,,,, ,,,0,0,26.5,0,4.5,17.5,0,0,0,0,0,10,1
1803,1,1,22, ,4,2,0,,0,,0,, ,,,, ,,,, ,,,0,, ,,,, ,,,, ,,,0,0,2,0,0,2,0,0,0,0,0,1,1
1805,1,1,22, ,4,6.5,0,,0,,0,, ,,,, ,,,, ,,,0,, ,,,, ,,,, ,,,0,0,6.5,0,2,1,0,0,0,0,0,4,1
1806,1,1,22, ,4,15,0,,0,,0,, ,,,, ,,,, ,,,0,, ,,,, ,,,, ,,,0,0,15,0,3,4,0,0,0,0,0,4,1
1807,1,1,22, ,4,11.5,0,,0,,0,, ,,,, ,,,, ,,,0,, ,,,, ,,,, ,,,0,0,10.5,0,2,4,0,0,0,0,0,5,1
1808,1,1,22, ,4,7.5,0,,0,,0,, ,,,, ,,,, ,,,0,, ,,,, ,,,, ,,,0,0,7.5,0,3,2,0,0,0,0,0,4,1
1809,1,1,22, ,4,15,0,,0,,0,, ,,,, ,,,, ,,,0,, ,,,, ,,,, ,,,0,0,15,0,4,4,0,0,0,0,0,5,1
1810,1,1,22, ,4,6,0,,0,,0,, ,,,, ,,,, ,,,0,, ,,,, ,,,, ,,,0,0,6,0,2,2,0,0,0,0,0,3,1
1811,1,1,22, ,4,11,0,,0,,0,, ,,,, ,,,, ,,,0,, ,,,, ,,,, ,,,0,0,11,0,3,2,0,0,0,0,0,5,1
1812,1,1,22, ,4,9,4,1500,0,,0,, ,,,, ,,,, ,,,0,, ,,,, ,,,, ,,,0,0,13,0,4,4,0,0,0,0,0,6,1
1813,1,1,22, ,4,15,0,,0,,0,, ,,,, ,,,, ,,,0,, ,,,, ,,,, ,,,0,0,15,0,5,7.5,0,0,0,0,0,5,1
1814,1,1,22, ,4,10,2,1500,0,,0,, ,,,, ,,,, ,,,0,, ,,,, ,,,, ,,,0,0,12,0,4,2,0,0,0,0,0,7,1
1815,1,1,22, ,4,17.5,0,,0,,0,, ,,,, ,,,, ,,,0,, ,,,, ,,,, ,,,0,0,17.5,0,6,4,0,0,0,0,0,7,1
1816,1,1,22, ,4,8,0,,0,,0,, ,,,, ,,,, ,,,0,, ,,,, ,,,, ,,,0,0,8,0,3,3,0,0,0,0,0,4,1
1817,1,1,22, ,4,15,0,,0,,0,, ,,,, ,,,, ,,,0,, ,,,, ,,,, ,,,0,0,15,0,4,5,0,0,0,0,0,3,1
1818,1,1,22, ,4,50,0,,0,,0,, ,,,, ,,,, ,,,0,, ,,,, ,,,, ,,,0,0,50,0,12,20,0,0,0,0,0,8,1
1819,1,1,22, ,4,6,0,,0,,0,, ,,,, ,,,, ,,,0,, ,,,, ,,,, ,,,0,0,6,0,3,1,0,0,0,0,0,3,1
1820,1,1,22, ,4,5,0,,0,,0,, ,,,, ,,,, ,,,0,, ,,,, ,,,, ,,,0,0,5,0,2,1,0,0,0,0,0,4,1
1822,1,1,22, ,4,4,1,1300,0,,2,3, ,2,50,97, ,,,, ,,,0,, ,,,, ,,,, ,,,0,0,7,0,3,2,0,0,0,0,0,5,1
1823,1,1,22, ,4,3.5,0,,0,,0,, ,,,, ,,,, ,,,0,, ,,,, ,,,, ,,,0,0,3.5,0,1,2.5,0,0,0,0,0,3,1
1826,1,1,22, ,4,8,0,,0,,0,, ,,,, ,,,, ,,,0,, ,,,, ,,,, ,,,0,0,8,0,2.5,4,0,0,0,0,0,4,1
1827,1,1,37, ,4,5.5,0,,0,,0,, ,,,, ,,,, ,,,0,, ,,,, ,,,, ,,,0,0,5.5,0,2,3,0,0,0,0,0,3,1
1830,1,1,22, ,4,14.5,0,,0,,0,, ,,,, ,,,, ,,,0,, ,,,, ,,,, ,,,0,0,14.5,0,4,7,0,0,0,0,0,5,1
1831,1,1,22, ,4,6.5,0,,0,,0,, ,,,, ,,,, ,,,0,, ,,,, ,,,, ,,,0,0,6.5,0,1.5,3,0,0,0,0,0,3,1
1834,1,1,22, ,4,22,0,,0,,0,, ,,,, ,,,, ,,,0,, ,,,, ,,,, ,,,0,0,22,0,8,8,0,0,0,0,0,5,1
1835,1,1,22, ,4,10.5,0,,0,,0,, ,,,, ,,,, ,,,0,, ,,,, ,,,, ,,,0,0,10.5,0,2,4,0,0,0,0,0,4,1
1836,1,1,22, ,4,11.5,0,,0,,0,, ,,,, ,,,, ,,,0,, ,,,, ,,,, ,,,0,0,11.5,0,0,6.25,0,0,0,0,0,4,1
1837,1,1,22, ,4,12.5,0,,0,,0,, ,,,, ,,,, ,,,0,, ,,,, ,,,, ,,,0,0,12.5,0,3,6,0,0,0,0,0,5,1
1838,1,1,22, ,4,0.25,7,5000,0,,0,, ,,,, ,,,, ,,,0,, ,,,, ,,,, ,,,0,0,7,0,0,3,0,0,0,0,0,4,1
1839,1,1,22, ,4,6,2,5000,0,,0,, ,,,, ,,,, ,,,0,, ,,,, ,,,, ,,,0,0,8,0,0,2,0,0,0,0,0,4,1
1840,1,1,22, ,4,1,12,5000,0,,0,, ,,,, ,,,, ,,,0,, ,,,, ,,,, ,,,0,0,13,0,0,4,0,0,0,0,0,5,1
1841,1,1,22, ,4,14.5,0,,0,,0,, ,,,, ,,,, ,,,0,, ,,,, ,,,, ,,,0,0,14.5,0,0,6,0,0,0,0,0,6,1
1842,1,1,22, ,4,1,20,3500,0,,0,, ,,,, ,,,, ,,,0,, ,,,, ,,,, ,,,0,0,21,0,0,2,0,0,0,0,0,7,1
1847,1,1,22, ,4,13.5,0,,0,,0,, ,,,, ,,,, ,,,0,, ,,,, ,,,, ,,,0,0,13.5,0,4,8,0,0,0,0,0,5,1
1849,1,1,22, ,4,7,0,,0,,0,, ,,,, ,,,, ,,,0,, ,,,, ,,,, ,,,0,0,7,0,2,4,0,0,0,0,0,3,1
1852,1,1,22, ,4,6,5,1400,0,,0,, ,,,, ,,,, ,,,0,, ,,,, ,,,, ,,,0,0,11,0,2,5,0,0,0,0,0,4,1
1855,1,1,22, ,4,6.5,2,1400,0,,0,, ,,,, ,,,, ,,,0,, ,,,, ,,,, ,,,0,0,8.5,0,4,4,0,0,0,0,0,4,1
1857,1,1,22, ,4,10,0,,4,4000,0,, ,,,, ,,,, ,,,0,, ,,,, ,,,, ,,,0,0,6,0,3,1,0,0,0,0,0,4,1
1858,1,1,22, ,4,5,0,,0,,0,, ,,,, ,,,, ,,,0,, ,,,, ,,,, ,,,0,0,5,0,2,2,0,0,0,0,0,3,1
1859,1,1,22, ,4,7,3.5,1400,0,,0,, ,,,, ,,,, ,,,0,, ,,,, ,,,, ,,,0,0,10.5,0,3,6,0,0,0,0,0,4,1
3001,1,1,22, ,4,6.5,0.5,2500,0,,0,, ,,,, ,,,, ,,,0,, ,,,, ,,,, ,,,0,0,7,0,0.5,1,0,0,0,0,0,7,1
3002,1,1,22, ,4,10,7,4500,0,,3,2, ,3,50,97, ,,,, ,,,0,, ,,,, ,,,, ,,,0,0,10,0,0,4,0,0,0,0,0,5,1
3003,1,1,22, ,4,9,0,,3,2500,0,, ,,,, ,,,, ,,,0,, ,,,, ,,,, ,,,0,0,6,0,0,2,0,0,0,0,0,5,1
3004,1,1,22, ,4,10,0,,0,,0,, ,,,, ,,,, ,,,0,, ,,,, ,,,, ,,,0,0,10,0,4,4,0,0,0,0,0,3,1
3005,1,1,22, ,4,4,0,,0,,0,, ,,,, ,,,, ,,,0,, ,,,, ,,,, ,,,0,0,4,0,0,4,0,0,0,0,0,1,1
3006,1,1,22, ,4,3,0,,0,,1,2, ,1,50,97, ,,,, ,,,0,, ,,,, ,,,, ,,,0,0,4,0,3,1,0,0,0,0,0,3,1
3007,1,1,22, ,4,8,0,,0,,0,, ,,,, ,,,, ,,,0,, ,,,, ,,,, ,,,0,0,8,0,2,4,0,0,0,0,0,3,1
3008,1,1,22, ,4,8,0,,0,,0,, ,,,, ,,,, ,,,0,, ,,,, ,,,, ,,,0,0,8,0,2,6,0,0,0,0,0,2,1
3009,1,1,22, ,4,18,0,,0,,0,, ,,,, ,,,, ,,,0,, ,,,, ,,,, ,,,0,0,18,0,8,8,0,0,0,0,0,3,1
3010,1,1,22, ,4,8,3,2250,0,,0,, ,,,, ,,,, ,,,0,, ,,,, ,,,, ,,,0,0,8,0,0,2,3,0,0,3,0,4,1
3011,1,1,22, ,4,1,0,,0,,9,2, ,4,75,19, ,4,50,5, ,1,50,0,, ,,,, ,,,, ,,,0,0,10,0,0.5,4,0,0,0,0,0,4,1
3012,1,1,37, ,8,18,0,,0,,0,, ,,,, ,,,, ,,,0,, ,,,, ,,,, ,,,0,0,18,0,0,2,0,0,0,0,0,4,1
3013,1,2,37, ,8,37,0,,0,,8,19, ,8,50,97, ,,,, ,,,0,, ,,,, ,,,, ,,,0,0,45,0,0,15,0,0,0,0,0,4,1
3014,1,1,37, ,4,8,0,,0,,0,, ,,,, ,,,, ,,,0,, ,,,, ,,,, ,,,0,0,8,0,0,2,0,0,0,0,0,5,1
3015,1,1,37, ,4,2,0,,0,,6,19, ,1,50,19, ,3,50,19, ,2,50,0,, ,,,, ,,,, ,,,0,0,8,0,0,2,0,0,0,2,0,4,1
3016,1,1,22, ,4,1,0,,5,5000,5,3, ,3,50,19, ,2,50,97, ,,,0,, ,,,, ,,,, ,,,0,0,1,0,0,1,0,0,0,0,0,1,1
3017,1,1,37, ,4,8,0,,0,,0,, ,,,, ,,,, ,,,0,, ,,,, ,,,, ,,,0,0,8,0,2,4,0,0,0,0,0,3,1
3018,1,1,37, ,4,14.75,1,3000,0,,0,, ,,,, ,,,, ,,,0,, ,,,, ,,,, ,,,0,0,14.75,0,2,7.5,0,0,0,0,0,9,1
3019,1,1,22, ,4,6,13,4000,0,,0,, ,,,, ,,,, ,,,0,, ,,,, ,,,, ,,,0,0,19,0,0,4,0,0,0,0,0,8,1
3020,1,1,22, ,4,1,10,5000,0,,0,, ,,,, ,,,, ,,,0,, ,,,, ,,,, ,,,0,0,11,0,0,1,0,0,0,0,0,4,1
3021,1,1,22, ,4,9.5,2.5,4500,0,,0,, ,,,, ,,,, ,,,0,, ,,,, ,,,, ,,,0,0,12,0,0,4,0,0,0,0,0,9,1
3022,1,1,22, ,4,7.5,0,,0,,0,, ,,,, ,,,, ,,,0,, ,,,, ,,,, ,,,0,0,7.5,0,0.5,2,0,0,0,0,0,5,1
3023,1,1,22, ,4,12.5,4,4000,0,,0,, ,,,, ,,,, ,,,0,, ,,,, ,,,, ,,,0,0,12.5,0,0.5,4,0,0,0,0,0,5,1
3024,1,1,22, ,4,2,0,,0,,0,, ,,,, ,,,, ,,,0,, ,,,, ,,,, ,,,0,0,2,0,0.5,1,0,0,0,0,0,3,1
3025,1,1,22, ,4,9,0,,0,,0,, ,,,, ,,,, ,,,0,, ,,,, ,,,, ,,,0,0,9,0,0,5.5,0,0,0,0,0,4,1
3026,1,1,41,SENGA,4,18,0,,0,,0,, ,,,, ,,,, ,,,0,, ,,,, ,,,, ,,,0,0,18,0,2,5,0,0,0,0,0,5,1
3030,1,1,41,SENGA,4,23,0,,0,,0,, ,,,, ,,,, ,,,0,, ,,,, ,,,, ,,,0,0,20,0,0,6,0,0,0,0,0,4,1
3031,1,1,22, ,4,3,9,4000,0,,0,, ,,,, ,,,, ,,,0,, ,,,, ,,,, ,,,0,0,12,0,1,2,0,0,0,0,0,6,1
3032,1,1,22, ,4,5,0,,0,,0,, ,,,, ,,,, ,,,0,, ,,,, ,,,, ,,,0,0,5,0,1,2,0,0,0,0,0,3,1
3033,1,1,22, ,4,12,0,,0,,4,2, ,4,50,97, ,,,, ,,,0,, ,,,, ,,,, ,,,0,0,16,0,0,12,0,0,0,0,0,5,1
3034,1,1,22, ,4,1,3,2000,0,,0,, ,,,, ,,,, ,,,0,, ,,,, ,,,, ,,,0,0,4,0,0,3,0,0,0,0,0,2,1
3035,1,1,41,SENGA,12,9,0,,0,,0,, ,,,, ,,,, ,,,0,, ,,,, ,,,, ,,,0,0,8,0,0,2,0,0,0,0,0,3,1
3036,1,1,37, ,4,22,0,,0,,0,, ,,,, ,,,, ,,,0,, ,,,, ,,,, ,,,0,0,22,0,0,10,0,0,0,0,0,2,1
3037,1,1,37, ,4,4,0,,0,,0,, ,,,, ,,,, ,,,0,, ,,,, ,,,, ,,,0,0,4,0,0,1,0,0,0,0,0,3,1
3038,1,1,37, ,4,4,0,,0,,0,, ,,,, ,,,, ,,,0,, ,,,, ,,,, ,,,0,0,4,0,0,1,0,0,0,0,0,4,1
3039,1,1,37, ,4,3,0,,0,,0,, ,,,, ,,,, ,,,0,, ,,,, ,,,, ,,,0,0,3,0,0,2,0,0,0,0,0,2,1
3040,1,1,37, ,4,4,0,,0,,0,, ,,,, ,,,, ,,,0,, ,,,, ,,,, ,,,0,0,4,0,0,2,0,0,0,0,0,3,1
3041,1,1,37, ,4,6,0,,0,,0,, ,,,, ,,,, ,,,0,, ,,,, ,,,, ,,,0,0,6,0,0,2,0,0,0,0,0,3,1
3042,1,1,37, ,4,6,0,,0,,0,, ,,,, ,,,, ,,,0,, ,,,, ,,,, ,,,0,0,6,0,0,2,0,0,0,0,0,4,1
3043,1,1,37, ,4,4,0,,0,,0,, ,,,, ,,,, ,,,0,, ,,,, ,,,, ,,,0,0,4,0,0,2,0,0,0,0,0,3,1
32,1,1,22, ,4,5.25,0,,0,,0,, ,,,, ,,,, ,,,0,, ,,,, ,,,, ,,,0,0,5.25,0,0,3.25,0,0,0,0,0,5,1
33,1,1,16, ,1,1.25,0,,0,,0,, ,,,, ,,,, ,,,0,, ,,,, ,,,, ,,,0,0,1.25,0,0,0.5,0,0,0,0,0,3,1
34,1,1,37, ,4,2.5,0,,0,,0,, ,,,, ,,,, ,,,0,, ,,,, ,,,, ,,,0,0,2.5,0,0,1,0,0,0,0,0,3,1
35,1,1,41,GAMAD,4,8,0,,0,,4,2, ,4,50,97, ,,,, ,,,0,, ,,,, ,,,, ,,,0,0,8,0,0,2,0,0,0,6,0,3,1
36,1,1,16, ,1,1.5,0,,0,,0,, ,,,, ,,,, ,,,0,, ,,,, ,,,, ,,,0,0,1.5,0,0,0.5,0,0,0,0,0,2,1
37,1,1,37, ,4,4,0,,0,,4,2, ,2,50,99,Barley,2,50,97, ,,,0,, ,,,, ,,,, ,,,0,0,8,0,0,5,0,0,0,0,0,4,1
38,1,1,14, ,4,3,0,,0,,0,, ,,,, ,,,, ,,,0,, ,,,, ,,,, ,,,0,0,3,0,0,2,0,0,0,0,0,2,1
39,1,1,16, ,1,1.25,0,,0,,0,, ,,,, ,,,, ,,,0,, ,,,, ,,,, ,,,0,0,1.25,0,0,1,0,0,0,0,0,2,1
40,1,1,37, ,4,4,0,,0,,1,99,Barley,1,50,97, ,,,, ,,,0,, ,,,, ,,,, ,,,0,0,4,0,0,2.5,0,0,0,0,0,3,1
41,1,1,41,CHIKAL,4,7,0,,0,,0,, ,,,, ,,,, ,,,0,, ,,,, ,,,, ,,,0,0,7,0,0,5,2,0,2,0,0,3,1
42,1,1,16, ,1,0.75,0,,0,,0,, ,,,, ,,,, ,,,0,, ,,,, ,,,, ,,,0,0,0.75,0,0,0.25,0,0,0,0,0,3,1
43,1,1,14, ,4,4,0,,0,,0,, ,,,, ,,,, ,,,0,, ,,,, ,,,, ,,,0,0,4,0,0,3,0,0,0,0,0,2,1
44,1,1,16, ,1,1.5,0,,0,,0,, ,,,, ,,,, ,,,0,, ,,,, ,,,, ,,,0,0,1.5,0,0,1,0,0,0,0,0,2,1
45,1,1,16, ,1,1.5,0,,0,,0,, ,,,, ,,,, ,,,0,, ,,,, ,,,, ,,,0,0,1.5,0,0,1,0,0,0,0,0,3,1
46,1,1,22, ,4,1.75,0,,0,,0,, ,,,, ,,,, ,,,0,, ,,,, ,,,, ,,,0,0,1.75,0,0.25,1,0,0,0,0,0,3,1
47,1,1,14, ,4,6,0,,0,,0,, ,,,, ,,,, ,,,0,, ,,,, ,,,, ,,,0,0,6,0,1,3,0,0,0,0,0,3,1
48,1,2,37, ,4,2,1,3500,0,,0,, ,,,, ,,,, ,,,0,, ,,,, ,,,, ,,,0,0,3,0,0,2,0,0,0,0,0,2,1
49,1,1,14, ,4,4,0,,0,,0,, ,,,, ,,,, ,,,0,, ,,,, ,,,, ,,,0,0,4,0,0,3,0,0,0,0,0,2,1
68,1,1,16, ,1,1.5,0,,0,,0,, ,,,, ,,,, ,,,0,, ,,,, ,,,, ,,,0,0,1.5,0,0.5,0.5,0,0,0,0,0,2,1
69,1,1,14, ,4,5,0,,0,,0,, ,,,, ,,,, ,,,0,, ,,,, ,,,, ,,,0,0,5,0,1,3,0,0,0,0,0,3,1
70,1,1,37, ,4,1.25,0,,0,,0,, ,,,, ,,,, ,,,0,, ,,,, ,,,, ,,,0,0,1.25,0,0,0.25,0,0,0,0,0,3,1
75,1,1,22, ,4,4,0,,0,,1,99,BARELY,1,50,97, ,,,, ,,,0,, ,,,, ,,,, ,,,0,0,5,0,0,2,2,0,0,0,0,3,1
76,1,0,14, ,4,4,0,,0,,0,, ,,,, ,,,, ,,,0,, ,,,, ,,,, ,,,0,0,4,0,0,2,0,0,0,0,0,3,1
77,1,1,22, ,4,4,0,,0,,0,, ,,,, ,,,, ,,,0,, ,,,, ,,,, ,,,0,0,2,0,0,2,2,0,0,0,0,1,1
78,1,1,16, ,1,1,0,,0,,0,, ,,,, ,,,, ,,,0,, ,,,, ,,,, ,,,0,0,1,0,0,0.5,0,0,0,0,0,2,1
79,1,1,37, ,4,5.5,0,,0,,0,, ,,,, ,,,, ,,,0,, ,,,, ,,,, ,,,0,0,5.5,0,0,1,2,0,1,0,0,4,1
80,1,12,37, ,4,1,0,,0,,0,, ,,,, ,,,, ,,,0,, ,,,, ,,,, ,,,0,0,1,0,0,0.25,0,0,0,0,0,3,1
81,1,1,16, ,1,1.5,0,,0,,0,, ,,,, ,,,, ,,,0,, ,,,, ,,,, ,,,0,0,1.5,0,0,1,0,0,0.5,0,0,2,1
82,1,1,16, ,1,2.5,0,,0,,0,, ,,,, ,,,, ,,,0,, ,,,, ,,,, ,,,0,0,2.5,0,0.25,1,0,0,0,0,0,7,1
83,1,1,14, ,4,5,0,,0,,0,, ,,,, ,,,, ,,,0,, ,,,, ,,,, ,,,0,0,4,0,0,2,0,0,0,0,0,3,1
84,1,1,37, ,4,1,0,,0,,0,, ,,,, ,,,, ,,,0,, ,,,, ,,,, ,,,0,0,1,0,0.25,0.25,0,0,0,0,0,4,1
85,1,1,37, ,4,1.5,0,,0,,0,, ,,,, ,,,, ,,,0,, ,,,, ,,,, ,,,0,0,1.5,0,0.25,0.5,0,0,0,0,0,4,1
86,1,1,14, ,4,4,0,,0,,0,, ,,,, ,,,, ,,,0,, ,,,, ,,,, ,,,0,0,4,0,2,2,0,0,0,0,0,2,1
87,1,1,14, ,4,4,0,,0,,0,, ,,,, ,,,, ,,,0,, ,,,, ,,,, ,,,0,0,4,0,2,2,0,0,0,0,0,2,1
88,1,1,14, ,4,1,0.5,4000,0,,0,, ,,,, ,,,, ,,,0,, ,,,, ,,,, ,,,0,0,1.5,0,0,1.5,0,0,0,0,0,3,1
90,1,1,16, ,1,3,0,,0,,0,, ,,,, ,,,, ,,,0,, ,,,, ,,,, ,,,0,0,3,0,0,2,0,0,0,0,0,2,1
95,1,1,16, ,1,3,0,,0,,0,, ,,,, ,,,, ,,,0,, ,,,, ,,,, ,,,0,0,3,0,0,3,0,0,0,0,0,2,1
97,1,0,14, ,4,1.25,0,,0,,0,, ,,,, ,,,, ,,,0,, ,,,, ,,,, ,,,0,0,1.25,0,0,0.75,0,0,0,0,0,3,1
104,1,0,16, ,1,0.5,0,,0,,0,, ,,,, ,,,, ,,,0,, ,,,, ,,,, ,,,0,0,0.5,0,0.25,0.25,0,0,0,0,0,2,1
105,1,1,37, ,4,9,0,,5,3000,0,, ,,,, ,,,, ,,,0,, ,,,, ,,,, ,,,0,0,4,0,1.5,2,0.5,0,0,0,0,3,1
106,1,1,14, ,4,6,0,,0,,0,, ,,,, ,,,, ,,,0,, ,,,, ,,,, ,,,0,0,6,0,2,4,0,0,0,0,0,2,1
107,1,1,14, ,4,5,0,,0,,0,, ,,,, ,,,, ,,,0,, ,,,, ,,,, ,,,0,0,5,0,2,3,0,0,0,0,0,2,1
108,1,1,16, ,1,4,0,,0,,0,, ,,,, ,,,, ,,,0,, ,,,, ,,,, ,,,0,0,3.5,0,0.5,3,0,0,0,0,0,2,1
109,1,1,16, ,1,1.75,1,3000,0,,0,, ,,,, ,,,, ,,,0,, ,,,, ,,,, ,,,0,0,2.5,0,0.5,1.75,0,0,0,0,0,4,1
110,1,1,16, ,1,3.5,0,,0,,0,, ,,,, ,,,, ,,,0,, ,,,, ,,,, ,,,0,0,3.25,0,0,1.75,0,0,0,0,0,4,1
111,1,1,16, ,1,1,0,,0,,0,, ,,,, ,,,, ,,,0,, ,,,, ,,,, ,,,0,0,1,0,0.5,0.5,0,0,0,0,0,2,1
112,1,1,16, ,1,1,0,,0,,0,, ,,,, ,,,, ,,,0,, ,,,, ,,,, ,,,0,0,1,0,0,0.25,0,0,0,0,0,4,1
113,1,1,16, ,1,2,0,,0,,0,, ,,,, ,,,, ,,,0,, ,,,, ,,,, ,,,0,0,2,0,0.75,1.25,0,0,0,0,0,2,1
127,1,1,22, ,4,12,0,,0,,0,, ,,,, ,,,, ,,,0,, ,,,, ,,,, ,,,0,0,12,0,0,8,0,0,0,0,0,2,1
128,1,1,22, ,4,4.5,0,,0,,0,, ,,,, ,,,, ,,,0,, ,,,, ,,,, ,,,0,0,4.5,0,0.25,4,0,0,0,0,0,3,1
130,1,1,16, ,1,1,0,,0,,0,, ,,,, ,,,, ,,,0,, ,,,, ,,,, ,,,0,0,1,0,0,1,0,0,0,0,0,1,1
131,1,1,22, ,4,5,0,,0,,0,, ,,,, ,,,, ,,,0,, ,,,, ,,,, ,,,0,0,5,0,0,3,0,0,0,0,0,2,1
132,1,1,37, ,4,12,4,2500,0,,0,, ,,,, ,,,, ,,,0,, ,,,, ,,,, ,,,0,0,12,0,0,8,4,0,0,0,0,3,1
133,1,1,16, ,1,2,0,,0,,0,, ,,,, ,,,, ,,,0,, ,,,, ,,,, ,,,0,0,2,0,0,1,0,0,0.5,0,0,3,1
134,1,1,16, ,1,2,0,,0,,0,, ,,,, ,,,, ,,,0,, ,,,, ,,,, ,,,0,0,2,0,0.5,1,0,0,0,0,0,3,1
135,1,1,37, ,4,6,2,4500,0,,0,, ,,,, ,,,, ,,,0,, ,,,, ,,,, ,,,0,0,6,0,0,2,2,0,0,0,0,3,1
136,1,1,37, ,4,8,0,,0,,0,, ,,,, ,,,, ,,,0,, ,,,, ,,,, ,,,0,0,8,0,0,3,0,0,0,0,0,3,1
137,1,1,16, ,1,2,0,,0,,0,, ,,,, ,,,, ,,,0,, ,,,, ,,,, ,,,0,0,2,0,0,1,0,0,0,0,0,2,1
138,1,1,14, ,4,6,0,,0,,0,, ,,,, ,,,, ,,,0,, ,,,, ,,,, ,,,0,0,6,0,1,3,0,0,0,0,0,3,1
139,1,1,37, ,4,4,0,,0,,0,, ,,,, ,,,, ,,,0,, ,,,, ,,,, ,,,0,0,4,0,1,2,0,0,0,0,0,3,1
140,1,1,22, ,4,5.5,3,3500,0,,0,, ,,,, ,,,, ,,,0,, ,,,, ,,,, ,,,0,0,8.5,0,0,6.5,0,0,0,0,0,5,1
141,1,1,13, ,4,6,0,,0,,0,, ,,,, ,,,, ,,,0,, ,,,, ,,,, ,,,0,0,6,0,2,3,0,0,0,0,0,3,1
143,1,1,16, ,1,2,0,,0,,0,, ,,,, ,,,, ,,,0,, ,,,, ,,,, ,,,0,0,2,0,0.5,1,0,0,0,0,0,3,1
144,1,1,16, ,1,2,0,,0,,0,, ,,,, ,,,, ,,,0,, ,,,, ,,,, ,,,0,0,2,2,0,1,0,0,0,0,0,3,1
211,1,1,37, ,4,5,0,,0,,0,, ,,,, ,,,, ,,,0,, ,,,, ,,,, ,,,0,0,5,0,2,3,0,0,0,0,0,2,1
212,1,1,37, ,4,10,0,,0,,0,, ,,,, ,,,, ,,,0,, ,,,, ,,,, ,,,0,0,10,0,3,4,0,0,0,0,0,3,1
215,1,1,22, ,4,10.5,0,,0,,0,, ,,,, ,,,, ,,,0,, ,,,, ,,,, ,,,0,0,9.5,0,0,9,0,0,0,0,0,4,1
216,1,1,37, ,4,7,0,,0,,0,, ,,,, ,,,, ,,,0,, ,,,, ,,,, ,,,0,0,7,0,0,4,0,0,0,0,0,3,1
217,1,1,16, ,1,0.5,0,,0,,0,, ,,,, ,,,, ,,,0,, ,,,, ,,,, ,,,0,0,0.5,0,0.25,0.25,0,0,0,0,0,2,1
218,1,1,16, ,1,1.5,0,,0,,0,, ,,,, ,,,, ,,,0,, ,,,, ,,,, ,,,0,0,1.5,0,0,1.5,0,0,0,0,0,1,1
220,1,1,37, ,4,13,7,3000,0,,0,, ,,,, ,,,, ,,,0,, ,,,, ,,,, ,,,0,0,13,0,3,6,0,0,0,0,0,5,1
222,1,1,16, ,1,0.5,0,,0,,0,, ,,,, ,,,, ,,,0,, ,,,, ,,,, ,,,0,0,0.5,0,0,0.5,0,0,0,0,0,1,1
223,1,1,16, ,1,1,0,,0,,0,, ,,,, ,,,, ,,,0,, ,,,, ,,,, ,,,0,0,1,0,0.5,0.5,0,0,0,0,0,2,1
224,1,1,16, ,1,0.75,0,,0,,0,, ,,,, ,,,, ,,,0,, ,,,, ,,,, ,,,0,0,0.75,0,0.25,0.5,0,0,0,0,0,2,1
225,1,1,37, ,4,3.5,0,,0,,0,, ,,,, ,,,, ,,,0,, ,,,, ,,,, ,,,0,0,3.5,0,1.5,1,0,0,0,0,0,3,1
227,1,1,37, ,4,5,0,,0,,0,, ,,,, ,,,, ,,,0,, ,,,, ,,,, ,,,0,0,5,0,0,3,0,0,0,0,0,3,1
228,1,1,37, ,4,13,2,3400,0,,0,, ,,,, ,,,, ,,,0,, ,,,, ,,,, ,,,0,0,13,0,3,8,0,0,0,0,0,3,1
421,1,1,14, ,4,6,0,,0,,0,, ,,,, ,,,, ,,,0,, ,,,, ,,,, ,,,0,0,6,0,0,4.5,0,0,0,0,0,2,1
422,1,1,14, ,4,7,0,,0,,0,, ,,,, ,,,, ,,,0,, ,,,, ,,,, ,,,0,0,7,0,1,2,0,0,0,0,0,3,1
423,1,2,14, ,4,5,0,,0,,0,, ,,,, ,,,, ,,,0,, ,,,, ,,,, ,,,0,0,5,0,1,3,0,0,0,0,0,2,1
424,1,1,16, ,1,2.5,0,,0,,0,, ,,,, ,,,, ,,,0,, ,,,, ,,,, ,,,0,0,2.5,0,0,1.5,0,0,0,0,0,3,1
425,1,1,16, ,1,1,0,,0,,0,, ,,,, ,,,, ,,,0,, ,,,, ,,,, ,,,0,0,1,0,0.25,0.75,0,0,0,0,0,2,1
426,1,1,16, ,1,2,0,,0,,0,, ,,,, ,,,, ,,,0,, ,,,, ,,,, ,,,0,0,2,0,0,2,0,0,0,0,0,1,1
427,1,1,14, ,4,10,0,,0,,0,, ,,,, ,,,, ,,,0,, ,,,, ,,,, ,,,0,0,10,0,1,1,0,0,0,0,0,4,1
428,1,1,14, ,4,8,0,,5,4000,0,, ,,,, ,,,, ,,,0,, ,,,, ,,,, ,,,0,0,3,0,0,2,0,0,0,0,0,2,1
429,1,1,14, ,4,5,0,,0,,0,, ,,,, ,,,, ,,,0,, ,,,, ,,,, ,,,0,0,5,0,1,1,0,0,0,0,0,5,1
430,1,1,22, ,4,5.5,0,,0,,0,, ,,,, ,,,, ,,,0,, ,,,, ,,,, ,,,0,0,5.5,0,0,2,0,0,0,0,0,4,1
431,1,4,14, ,4,16,0,,0,,0,, ,,,, ,,,, ,,,0,, ,,,, ,,,, ,,,0,0,16,0,0,16,0,0,0,0,0,2,1
432,1,1,14, ,4,5,0,,0,,0,, ,,,, ,,,, ,,,0,, ,,,, ,,,, ,,,0,0,5,0,0,5,0,0,0,0,0,1,1
433,1,1,16, ,1,2.5,0,,0,,0,, ,,,, ,,,, ,,,0,, ,,,, ,,,, ,,,0,0,2.5,0,0.5,2,0,0,0,0,0,2,1
434,1,1,14, ,4,6,0,,0,,0,, ,,,, ,,,, ,,,0,, ,,,, ,,,, ,,,0,0,6,0,0.5,4,0,0,0,0,0,4,1
435,1,1,22, ,4,5,0,,1,5500,0,, ,,,, ,,,, ,,,0,, ,,,, ,,,, ,,,0,0,4,0,0.5,2.5,0,0,0,0,0,4,1
436,1,1,14, ,4,5,0,,0,,0,, ,,,, ,,,, ,,,0,, ,,,, ,,,, ,,,0,0,5,0,1,3,0,0,0,0,0,3,1
454,1,1,14, ,4,10,0,,0,,0,, ,,,, ,,,, ,,,0,, ,,,, ,,,, ,,,0,0,10,0,2,8,0,0,0,0,0,2,1
455,1,1,14, ,4,14,0,,0,,0,, ,,,, ,,,, ,,,0,, ,,,, ,,,, ,,,0,0,14,0,2,12,0,0,0,0,0,2,1
456,1,1,16, ,1,3,0,,0,,0,, ,,,, ,,,, ,,,0,, ,,,, ,,,, ,,,0,0,3,0,0,2,0,0,0,0,0,3,1
457,1,1,14, ,4,24,0,,0,,0,, ,,,, ,,,, ,,,0,, ,,,, ,,,, ,,,0,0,24,0,0,24,0,0,0,0,0,1,1
458,1,1,16, ,1,3,0,,0,,0,, ,,,, ,,,, ,,,0,, ,,,, ,,,, ,,,0,0,3,0,0,2,0,0,0,0,0,3,1
459,1,1,16, ,1,1.75,0,,0,,0,, ,,,, ,,,, ,,,0,, ,,,, ,,,, ,,,0,0,1.75,0,0,0.5,0,0,0,0,0,2,1
460,1,1,16, ,1,1,0,,0,,0,, ,,,, ,,,, ,,,0,, ,,,, ,,,, ,,,0,0,1,0,0,0.5,0,0,0,0,0,2,1
461,1,1,16, ,1,5,0,,0,,0,, ,,,, ,,,, ,,,0,, ,,,, ,,,, ,,,0,0,5,0,0,4,0,0,0,0,0,2,1
462,1,1,16, ,1,3,0,,0,,0,, ,,,, ,,,, ,,,0,, ,,,, ,,,, ,,,0,0,3,0,0,2,0,0,0,0,0,2,1
463,1,1,37, ,4,6,0,,0,,0,, ,,,, ,,,, ,,,0,, ,,,, ,,,, ,,,0,0,6,0,0,4,0,0,0,0,0,2,1
464,1,1,16, ,1,3,0,,0,,0,, ,,,, ,,,, ,,,0,, ,,,, ,,,, ,,,0,0,3,0,0,2,0,0,0,0,0,2,1
465,1,1,14, ,4,6,0,,0,,0,, ,,,, ,,,, ,,,0,, ,,,, ,,,, ,,,0,0,6,0,3,3,0,0,0,0,0,2,1
466,1,1,10, ,4,2.25,0,,0,,0,, ,,,, ,,,, ,,,0,, ,,,, ,,,, ,,,0,0,2.25,0,0,2,0,0,0,0,0,4,1
467,1,1,37, ,4,9,0,,0,,0,, ,,,, ,,,, ,,,0,, ,,,, ,,,, ,,,0,0,9,0,0,9,0,0,0,0,0,3,1
468,1,1,16, ,1,1.5,0,,0,,0,, ,,,, ,,,, ,,,0,, ,,,, ,,,, ,,,0,0,1.5,0,0,1.5,0,0,0,0,0,2,1
469,1,1,14, ,4,5,0,,0,,0,, ,,,, ,,,, ,,,0,, ,,,, ,,,, ,,,0,0,5,0,0,3,0,0,0,0,0,2,1
470,1,1,14, ,4,24,0,,0,,0,, ,,,, ,,,, ,,,0,, ,,,, ,,,, ,,,0,0,24,0,0,24,0,0,0,0,0,1,1
471,1,1,16, ,1,3,0,,0,,0,, ,,,, ,,,, ,,,0,, ,,,, ,,,, ,,,0,0,3,0,0,2,0,0,0,0,0,2,1
544,1,1,16, ,1,1.5,0,,0,,0,, ,,,, ,,,, ,,,0,, ,,,, ,,,, ,,,0,0,1.5,0,0,0.5,0,0,0,0,0,3,1
545,1,1,16, ,1,1.75,0,,0,,0,, ,,,, ,,,, ,,,0,, ,,,, ,,,, ,,,0,0,1.75,0,0,1,0,0,0,0,0,3,1
547,1,1,14, ,4,6,0,,0,,0,, ,,,, ,,,, ,,,0,, ,,,, ,,,, ,,,0,0,6,0,1.5,3,0,0,0,0,0,3,1
548,1,1,16, ,1,3.25,0,,0,,0,, ,,,, ,,,, ,,,0,, ,,,, ,,,, ,,,0,0,3.25,0,0,2.75,0,0,0,0,0,6,1
549,1,1,14, ,4,10,0,,0,,0,, ,,,, ,,,, ,,,0,, ,,,, ,,,, ,,,0,0,10,0,1,8,0,0,0,0,0,3,1
550,1,1,16, ,1,1.25,0,,0,,0,, ,,,, ,,,, ,,,0,, ,,,, ,,,, ,,,0,0,1.25,0,0,0.5,0,0,0,0,0,2,1
552,1,1,41,TEFIR,4,5,1,3000,0,,0,, ,,,, ,,,, ,,,0,, ,,,, ,,,, ,,,0,0,6,0,0,1,0,0,0,0,0,4,1
553,1,1,37, ,4,3,0,,0,,0,, ,,,, ,,,, ,,,0,, ,,,, ,,,, ,,,0,0,3,0,0,3,0,0,0,0,0,1,1
554,1,1,22, ,1,0.25,0.75,3000,0,,0,, ,,,, ,,,, ,,,0,, ,,,, ,,,, ,,,0,0,0.25,0,0,0.25,0,0,0,0,0,1,1
555,1,1,37, ,4,6,2,4000,0,,0,, ,,,, ,,,, ,,,0,, ,,,, ,,,, ,,,0,0,6,0,0,4,0,0,0,0,0,3,1
556,1,1,22, ,4,6.25,0,,0,,0,, ,,,, ,,,, ,,,0,, ,,,, ,,,, ,,,0,0,6.25,0,0,2.25,0,0,0,0,0,4,1
558,1,1,37, ,4,8,2,4000,0,,0,, ,,,, ,,,, ,,,0,, ,,,, ,,,, ,,,0,0,6,0,0,2,0,0,0,0,0,3,1
559,1,1,16, ,1,2,0,,0,,0,, ,,,, ,,,, ,,,0,, ,,,, ,,,, ,,,0,0,2,0,0.5,0.5,0,0,0,0,0,4,1
651,1,1,14, ,4,4,0,,0,,0,, ,,,, ,,,, ,,,0,, ,,,, ,,,, ,,,0,0,4,0,0,4,0,0,0,0,0,1,1
652,1,1,14, ,4,3,0,,0,,0,, ,,,, ,,,, ,,,0,, ,,,, ,,,, ,,,0,0,3,0,1,1,0,0,0,0,0,3,1
653,1,1,16, ,1,4,0,,0,,0,, ,,,, ,,,, ,,,0,, ,,,, ,,,, ,,,0,0,4,0,0,1,0,0,0,0,0,4,1
654,1,1,16, ,1,1.75,0,,0,,0,, ,,,, ,,,, ,,,0,, ,,,, ,,,, ,,,0,0,1.75,0,0,1,0.25,0,0,0,0,3,1
656,1,1,16, ,1,1,0,,0,,0,, ,,,, ,,,, ,,,0,, ,,,, ,,,, ,,,0,0,1,0,0,1,0,0,0,0,0,1,1
657,1,1,37, ,4,5,0,,0,,0,, ,,,, ,,,, ,,,0,, ,,,, ,,,, ,,,0,0,5,0,0,1,0,0,0,0,0,3,1
658,1,1,37, ,4,4,0,,0,,0,, ,,,, ,,,, ,,,0,, ,,,, ,,,, ,,,0,0,4,0,1,2,1,0,0,0,0,3,1
659,1,1,22, ,4,4.5,0,,0,,0,, ,,,, ,,,, ,,,0,, ,,,, ,,,, ,,,0,0,4.5,0,0.5,1,0,0,0,0,0,4,1
660,1,1,16, ,1,4.5,0,,0,,0,, ,,,, ,,,, ,,,0,, ,,,, ,,,, ,,,0,0,4.5,0,0,1,0.5,0,0,0,0,3,1
662,1,1,22, ,4,5,0,,0,,0,, ,,,, ,,,, ,,,0,, ,,,, ,,,, ,,,0,0,5,0,1,1,0,0,0,0,0,4,1
664,1,1,22, ,4,5,0,,2.5,2000,0,, ,,,, ,,,, ,,,0,, ,,,, ,,,, ,,,0,0,2.5,0,0,0.5,0,0,0,0,0,2,1
665,1,1,16, ,1,1,0,,0,,0,, ,,,, ,,,, ,,,0,, ,,,, ,,,, ,,,0,0,1,0,0,0.5,0,0,0,0,0,2,1
667,1,1,14, ,4,3,0,,0.5,1500,0,, ,,,, ,,,, ,,,0,, ,,,, ,,,, ,,,0,0,2.5,0,0,1,0.5,0,0,0,0,3,1
668,1,1,16, ,1,4.5,0,,0,,0,, ,,,, ,,,, ,,,0,, ,,,, ,,,, ,,,0,0,4.5,0,0.5,1,0.5,0,0.5,0,0,3,1
670,1,1,22, ,4,9.5,0,,2.5,3000,0,, ,,,, ,,,, ,,,0,, ,,,, ,,,, ,,,0,0,8,0,0,4,0,0,0,0,0,6,1
671,1,1,22, ,4,4,0,,0,,0,, ,,,, ,,,, ,,,0,, ,,,, ,,,, ,,,0,0,3,0,0.25,2.75,0,0,0,0,0,4,1
672,1,1,22, ,4,2.75,0,,0,,0,, ,,,, ,,,, ,,,0,, ,,,, ,,,, ,,,0,0,2.75,0,0.25,1.5,0,0,0,0,0,4,1
673,1,1,22, ,4,4.75,0,,0,,0,, ,,,, ,,,, ,,,0,, ,,,, ,,,, ,,,0,0,4.75,0,0.125,3.5,0,0,0,0,0,5,1
674,1,1,16, ,1,1.5,0,,0,,0,, ,,,, ,,,, ,,,0,, ,,,, ,,,, ,,,0,0,1.5,0,0.5,1,0,0,0,0,0,2,1
675,1,1,14, ,4,5.5,0,,2,3000,0,, ,,,, ,,,, ,,,0,, ,,,, ,,,, ,,,0,0,3.5,0,0,2.5,0,0,0,0,0,4,1
676,1,1,22, ,4,4,0,,0,,0,, ,,,, ,,,, ,,,0,, ,,,, ,,,, ,,,0,0,4,0,0.25,2.25,0,0,0,0,0,5,1
677,1,1,16, ,1,1,0,,0,,0,, ,,,, ,,,, ,,,0,, ,,,, ,,,, ,,,0,0,1,0,0,0.75,0,0,0,0,0,2,1
678,1,1,16, ,1,3,0,,0,,0,, ,,,, ,,,, ,,,0,, ,,,, ,,,, ,,,0,0,3,0,0,3,0,0,0,0,0,1,1
679,1,1,22, ,4,12,0,,0,,0,, ,,,, ,,,, ,,,0,, ,,,, ,,,, ,,,0,0,12,0,2,10,0,0,0,0,0,4,1
680,1,1,16, ,1,1.25,0,,0,,0,, ,,,, ,,,, ,,,0,, ,,,, ,,,, ,,,0,0,1.25,0,0,0.75,0,0,0,0,0,3,1
681,1,1,16, ,1,1.25,0,,0,,0,, ,,,, ,,,, ,,,0,, ,,,, ,,,, ,,,0,0,1.25,0,0,0.75,0,0,0,0,0,2,1
682,1,1,16, ,1,1.75,0,,0,,0,, ,,,, ,,,, ,,,0,, ,,,, ,,,, ,,,0,0,1.75,0,0,1.25,0,0,0,0,0,3,1
683,1,1,14, ,4,9,0,,0,,0,, ,,,, ,,,, ,,,0,, ,,,, ,,,, ,,,0,0,9,0,0,5,0,0,0,0,0,5,1
684,1,1,16, ,1,2.75,0,,0,,0,, ,,,, ,,,, ,,,0,, ,,,, ,,,, ,,,0,0,2.75,0,0.25,2,0,0,0,0,0,3,1
685,1,1,22, ,4,7.25,3,3200,0,,2,2, ,1,50,19, ,1,50,97, ,,,0,, ,,,, ,,,, ,,,0,0,8.25,0,0,5.25,0,0,0,0,0,6,1
686,1,1,16, ,1,3,0,,0,,0,, ,,,, ,,,, ,,,0,, ,,,, ,,,, ,,,0,0,3,0,0.5,2,0,0,0,0,0,3,1
687,1,1,16, ,1,8,0,,0,,0,, ,,,, ,,,, ,,,0,, ,,,, ,,,, ,,,0,0,8,0,0.5,5,0,0,0,0,0,3,1
689,1,1,14, ,4,4,0,,0,,0,, ,,,, ,,,, ,,,0,, ,,,, ,,,, ,,,0,0,4,0,2,2,0,0,0,0,0,2,1
690,1,1,16, ,1,3.5,0,,0,,0,, ,,,, ,,,, ,,,0,, ,,,, ,,,, ,,,0,0,3.5,0,0,3,0,0,0,0,0,2,1
691,1,1,37, ,4,6,0,,0,,0,, ,,,, ,,,, ,,,0,, ,,,, ,,,, ,,,0,0,6,0,0,6,0,0,0,0,0,3,1
692,1,1,14, ,4,16,0,,0,,0,, ,,,, ,,,, ,,,0,, ,,,, ,,,, ,,,0,0,16,0,0,16,0,0,0,0,0,1,1
693,1,1,16, ,1,2,0,,0,,0,, ,,,, ,,,, ,,,0,, ,,,, ,,,, ,,,0,0,2,0,0,1,0,0,0,0,0,2,1
694,1,1,16, ,1,1.61,0,,0,,3,2, ,3,50,97, ,,,, ,,,0,, ,,,, ,,,, ,,,0,0,4.61,0,0,4.61,0,0,0,0,0,3,1
695,1,1,14, ,4,8,0,,0,,0,, ,,,, ,,,, ,,,0,, ,,,, ,,,, ,,,0,0,8,0,0,8,0,0,0,0,0,1,1
696,1,1,16, ,1,3,0,,0,,0,, ,,,, ,,,, ,,,0,, ,,,, ,,,, ,,,0,0,3,0,0,2,0,0,0,0,0,2,1
697,1,1,16, ,1,2.13,0,,0,,0,, ,,,, ,,,, ,,,0,, ,,,, ,,,, ,,,0,0,2.13,0,0,1.43,0,0,0,0,0,5,1
698,1,1,14, ,4,10,0,,0,,0,, ,,,, ,,,, ,,,0,, ,,,, ,,,, ,,,0,0,10,0,2,8,0,0,0,0,0,2,1
699,1,1,16, ,1,3,0,,0,,0,, ,,,, ,,,, ,,,0,, ,,,, ,,,, ,,,0,0,1.5,0,0,1,0,0,0,0,0,2,1
700,1,1,14, ,4,3,0,,0,,0,, ,,,, ,,,, ,,,0,, ,,,, ,,,, ,,,0,0,3,0,0,3,0,0,0,0,0,1,1
701,1,1,14, ,4,4,0,,0,,0,, ,,,, ,,,, ,,,0,, ,,,, ,,,, ,,,0,0,4,0,2,2,0,0,0,2,0,2,1
702,1,1,16, ,1,2,0,,0,,0,, ,,,, ,,,, ,,,0,, ,,,, ,,,, ,,,0,0,2,0,0,1,0,0,0,0,0,2,1
703,1,1,14, ,4,6,0,,0,,0,, ,,,, ,,,, ,,,0,, ,,,, ,,,, ,,,0,0,6,0,2,4,0,0,2,0,0,2,1
705,1,1,37, ,4,3,0,,0,,0,, ,,,, ,,,, ,,,0,, ,,,, ,,,, ,,,0,0,3,0,0,1,0,0,0,0,0,2,1
706,1,1,16, ,1,1.5,0,,0,,0,, ,,,, ,,,, ,,,0,, ,,,, ,,,, ,,,0,0,1.5,0,0,1,0,0,0,0,0,2,1
708,1,1,16, ,1,1.5,0,,0,,0,, ,,,, ,,,, ,,,0,, ,,,, ,,,, ,,,0,0,1.5,0,0,1,0,0,0,0,0,2,1
709,1,1,14, ,4,4,0,,0,,0,, ,,,, ,,,, ,,,0,, ,,,, ,,,, ,,,0,0,4,0,2,2,0,0,0,0,0,2,1
711,1,1,14, ,4,4,0,,0,,0,, ,,,, ,,,, ,,,0,, ,,,, ,,,, ,,,0,0,4,0,2,2,0,0,0,0,0,2,1
712,1,1,16, ,1,3,0,,0,,0,, ,,,, ,,,, ,,,0,, ,,,, ,,,, ,,,0,0,3,0,0,1,0,0,0,0,0,2,1
714,1,1,16, ,1,3,0,,0,,0,, ,,,, ,,,, ,,,0,, ,,,, ,,,, ,,,0,0,3,0,0,1,0,0,0,0,0,3,1
715,1,1,16, ,1,3,0,,0,,0,, ,,,, ,,,, ,,,0,, ,,,, ,,,, ,,,0,0,3,0,0,1,0,0,0,0,0,2,1
716,1,1,37, ,4,2,2,3000,0,,3,2, ,3,50,97, ,,,, ,,,0,, ,,,, ,,,, ,,,0,0,7,0,0,3,0,0,0,0,0,3,1
717,1,1,37, ,4,6,0,,0,,0,, ,,,, ,,,, ,,,0,, ,,,, ,,,, ,,,0,0,6,0,0,3,0,0,0,0,0,2,1
817,1,1,16, ,1,1.5,0,,0,,0,, ,,,, ,,,, ,,,0,, ,,,, ,,,, ,,,0,0,1.5,0,0,0.5,0,0,0,0,0,2,1
818,1,1,14, ,4,5,0,,0,,0,, ,,,, ,,,, ,,,0,, ,,,, ,,,, ,,,0,0,5,0,1,4,0,0,0,0,0,2,1
819,1,1,16, ,1,4.25,3,3000,0,,0,, ,,,, ,,,, ,,,0,, ,,,, ,,,, ,,,0,0,7.25,0,0,5.25,0,0,0,0,0,6,1
820,1,1,16, ,1,3,4.25,3000,0,,0,, ,,,, ,,,, ,,,0,, ,,,, ,,,, ,,,0,0,7.25,0,0,6,0,0,0,0,0,7,1
822,1,1,16, ,1,1.5,0,,0,,0,, ,,,, ,,,, ,,,0,, ,,,, ,,,, ,,,0,0,1.5,0,0,1,0,0,0,0,0,2,1
823,1,1,16, ,1,2,0,,0,,0,, ,,,, ,,,, ,,,0,, ,,,, ,,,, ,,,0,0,2,0,0,1,0,0,0,0,0,2,1
824,1,1,16, ,1,3,0,,0,,0,, ,,,, ,,,, ,,,0,, ,,,, ,,,, ,,,0,0,3,0,0,2,0,0,0,0,0,2,1
826,1,1,37, ,4,4,0,,0,,0,, ,,,, ,,,, ,,,0,, ,,,, ,,,, ,,,0,0,4,0,0,3,0,0,0,0,0,2,1
827,1,1,16, ,1,3,0,,0,,0,, ,,,, ,,,, ,,,0,, ,,,, ,,,, ,,,0,0,3,0,0,2,0,0,0,0,0,2,1
829,1,1,16, ,1,3,0,,0,,0,, ,,,, ,,,, ,,,0,, ,,,, ,,,, ,,,0,0,3,0,0,2,0,0,0,0,0,2,1
830,1,1,16, ,1,4,0,,0,,0,, ,,,, ,,,, ,,,0,, ,,,, ,,,, ,,,0,0,4,0,0,3,0,0,0,0,0,2,1
831,1,1,16, ,1,4,0,,0,,0,, ,,,, ,,,, ,,,0,, ,,,, ,,,, ,,,0,0,4,0,0,3,0,0,0,0,0,3,1
832,1,1,14, ,4,8,0,,0,,0,, ,,,, ,,,, ,,,0,, ,,,, ,,,, ,,,0,0,8,0,0,8,0,0,0,0,0,1,1
833,1,1,14, ,4,12,0,,0,,0,, ,,,, ,,,, ,,,0,, ,,,, ,,,, ,,,0,0,12,0,1,11,0,0,0,0,0,2,1
871,1,1,22, ,4,14,0,,0,,0,, ,,,, ,,,, ,,,0,, ,,,, ,,,, ,,,0,0,14,0,0,8,0,0,0,0,0,4,1
872,1,1,16, ,1,3.25,0,,0,,0,, ,,,, ,,,, ,,,0,, ,,,, ,,,, ,,,0,0,3.25,0,0,3,1,0,0,0,0,3,1
873,1,1,22, ,4,3.75,0,,0,,0,, ,,,, ,,,, ,,,0,, ,,,, ,,,, ,,,0,0,3.75,0,0,3,0,0,0,0,0,3,1
874,1,1,37, ,4,7,0,,0,,0,, ,,,, ,,,, ,,,0,, ,,,, ,,,, ,,,0,0,7,0,0,3,0,0,0,0,0,4,1
875,1,1,16, ,1,2.5,0,,0,,0,, ,,,, ,,,, ,,,0,, ,,,, ,,,, ,,,0,0,2.5,0,0,1,0.5,0,0,0,0,4,1
876,1,1,16, ,1,1.5,0,,0,,0,, ,,,, ,,,, ,,,0,, ,,,, ,,,, ,,,0,0,1.25,0,0,0.5,0,0,0,0,0,3,1
877,1,1,16, ,1,2,0,,0,,0,, ,,,, ,,,, ,,,0,, ,,,, ,,,, ,,,0,0,2,0,0,1,0,0,0,0,0,4,1
878,1,1,37, ,4,3.25,0,,0,,0,, ,,,, ,,,, ,,,0,, ,,,, ,,,, ,,,0,0,3.25,0,0,2,0,0,0,0,0,3,1
879,1,1,37, ,4,4.5,0,,0,,0,, ,,,, ,,,, ,,,0,, ,,,, ,,,, ,,,0,0,4.5,0,0,2,2.25,0,0.25,0,0,4,1
880,1,1,16, ,1,3,0,,0,,0,, ,,,, ,,,, ,,,0,, ,,,, ,,,, ,,,0,0,3,0,0,2,0,0,0,0,0,3,1
881,1,1,16, ,1,1.5,0,,0,,0,, ,,,, ,,,, ,,,0,, ,,,, ,,,, ,,,0,0,1.5,0,0,1,0.5,0,0,0,0,2,1
882,1,1,14, ,4,7,0,,0,,0,, ,,,, ,,,, ,,,0,, ,,,, ,,,, ,,,0,0,7,0,1,4,0,0,0,0,0,3,1
883,1,1,37, ,4,6,0,,0,,0,, ,,,, ,,,, ,,,0,, ,,,, ,,,, ,,,0,0,6,0,2,3,0,0,0,0,0,3,1
884,1,1,37, ,4,5,0,,0,,0,, ,,,, ,,,, ,,,0,, ,,,, ,,,, ,,,0,0,5,0,0,3,0,0,0,0,0,2,1
885,1,1,37, ,4,3.5,1.5,2500,0,,0,, ,,,, ,,,, ,,,0,, ,,,, ,,,, ,,,0,0,5,0,0,1.5,4,0,2,0,0,3,1
886,1,1,37, ,4,3,0,,0,,0,, ,,,, ,,,, ,,,0,, ,,,, ,,,, ,,,0,0,3,0,0,2,0,0,0,0,0,2,1
887,1,1,22, ,4,4,0,,0,,0,, ,,,, ,,,, ,,,0,, ,,,, ,,,, ,,,0,0,3.5,0,0,3,0,0,0,0,0,2,1
888,1,1,16, ,1,1.5,0,,0,,0,, ,,,, ,,,, ,,,0,, ,,,, ,,,, ,,,0,0,1.5,0,0,1,0,0,0,0,0,2,1
889,1,1,37, ,4,6.25,0,,0,,0,, ,,,, ,,,, ,,,0,, ,,,, ,,,, ,,,0,0,6.25,0,1.25,3,0,0,0,0,0,4,1
890,1,1,22, ,4,4,0,,0,,0,, ,,,, ,,,, ,,,0,, ,,,, ,,,, ,,,0,0,4,0,0.5,1.5,0,0,0,0,0,3,1
891,1,1,14, ,4,7,0,,0,,0,, ,,,, ,,,, ,,,0,, ,,,, ,,,, ,,,0,0,7,0,1,1,0,0,0,0,0,3,1
892,1,1,14, ,4,4,0,,0,,0,, ,,,, ,,,, ,,,0,, ,,,, ,,,, ,,,0,0,4,0,1,2,0,0,0,0,0,3,1
893,1,1,37, ,4,2,0,,0,,0,, ,,,, ,,,, ,,,0,, ,,,, ,,,, ,,,0,0,2,0,0,2,0,0,0,0,0,1,1
894,1,1,14, ,4,5,0,,0,,0,, ,,,, ,,,, ,,,0,, ,,,, ,,,, ,,,0,0,4,0,1,3,0,0,0,0,0,2,1
895,1,1,16, ,1,2,0,,0,,0,, ,,,, ,,,, ,,,0,, ,,,, ,,,, ,,,0,0,2,0,0.5,1,0,0,0,0,0,3,1
896,1,1,16, ,1,3,0,,0,,0,, ,,,, ,,,, ,,,0,, ,,,, ,,,, ,,,0,0,3,0,0,1,0,0,0,0,0,3,1
897,1,1,37, ,4,4,0,,0,,0,, ,,,, ,,,, ,,,0,, ,,,, ,,,, ,,,0,0,4,0,2,1,0.5,0,0,0,0,4,1
899,1,1,37, ,4,6,0,,0,,0,, ,,,, ,,,, ,,,0,, ,,,, ,,,, ,,,0,0,6,6,0,2,0,0,0,0,0,4,1
900,1,1,37, ,4,7,0,,0,,0,, ,,,, ,,,, ,,,0,, ,,,, ,,,, ,,,0,0,7,0,1,3,0,0,0,0,0,5,1
901,1,1,14, ,4,2,2.5,2500,0,,0,, ,,,, ,,,, ,,,0,, ,,,, ,,,, ,,,0,0,4.5,0,0.5,2,0,0,0,0,0,4,1
902,1,1,22, ,4,3.5,0,,0,,0,, ,,,, ,,,, ,,,0,, ,,,, ,,,, ,,,0,0,3.5,0,0,1,0,0,0,0,0,5,1
903,1,1,37, ,4,4,0,,0,,0,, ,,,, ,,,, ,,,0,, ,,,, ,,,, ,,,0,0,4,0,0,2,1,0,0,0,0,3,1
904,1,1,16, ,1,0.5,0,,0,,0,, ,,,, ,,,, ,,,0,, ,,,, ,,,, ,,,0,0,0.5,0,0,0.5,0,0,0,0,0,1,1
905,1,1,16, ,1,0.5,0,,0,,0,, ,,,, ,,,, ,,,0,, ,,,, ,,,, ,,,0,0,0.5,0,0,0.5,0,0,0,0,0,1,1
906,1,1,16, ,1,1,0,,0,,0,, ,,,, ,,,, ,,,0,, ,,,, ,,,, ,,,0,0,1,0,0.5,0.5,0,0,0,0,0,2,1
907,1,1,16, ,1,2.25,0,,0,,0,, ,,,, ,,,, ,,,0,, ,,,, ,,,, ,,,0,0,2.25,0,0,1.25,0,0,0,0,0,3,1
908,1,1,16, ,1,5.75,0,,0,,0,, ,,,, ,,,, ,,,0,, ,,,, ,,,, ,,,0,0,5.75,0,0,5.75,0,0,0,0,0,3,1
910,1,1,16, ,1,1,0,,0,,0,, ,,,, ,,,, ,,,0,, ,,,, ,,,, ,,,0,0,1,0,0,1,0,0,0,0,0,1,1
911,1,1,37, ,4,6,0,,0,,0,, ,,,, ,,,, ,,,0,, ,,,, ,,,, ,,,0,0,6,0,0,6,0,0,0,0,0,2,1
912,1,1,14, ,4,5,0,,0,,0,, ,,,, ,,,, ,,,0,, ,,,, ,,,, ,,,0,0,5,0,1,3,0,0,0,0,0,2,1
913,1,1,14, ,4,4,0,,0,,0,, ,,,, ,,,, ,,,0,, ,,,, ,,,, ,,,0,0,4,0,2,2,0,0,0,0,0,2,1
914,1,1,16, ,1,3,0,,0,,0,, ,,,, ,,,, ,,,0,, ,,,, ,,,, ,,,0,0,3,0,0,3,0,0,0,0,0,2,1
915,1,1,16, ,1,3,0,,0,,0,, ,,,, ,,,, ,,,0,, ,,,, ,,,, ,,,0,0,3,0,0,2,0,0,0,0,0,3,1
916,1,1,14, ,4,4,0,,0,,0,, ,,,, ,,,, ,,,0,, ,,,, ,,,, ,,,0,0,4,0,2,2,0,0,0,2,0,2,1
917,1,1,14, ,4,6,0,,0,,0,, ,,,, ,,,, ,,,0,, ,,,, ,,,, ,,,0,0,6,0,0,6,0,0,0,0,0,1,1
918,1,1,14, ,4,10,0,,0,,0,, ,,,, ,,,, ,,,0,, ,,,, ,,,, ,,,0,0,10,0,2,8,0,0,0,0,0,2,1
919,1,1,16, ,1,2.5,0,,0,,0,, ,,,, ,,,, ,,,0,, ,,,, ,,,, ,,,0,0,2.5,0,0,2,0,0,0,0,0,2,1
920,1,1,37, ,4,8,0,,0,,0,, ,,,, ,,,, ,,,0,, ,,,, ,,,, ,,,0,0,8,0,0,6,0,0,0,0,0,3,1
921,1,1,16, ,1,2.5,0,,0,,0,, ,,,, ,,,, ,,,0,, ,,,, ,,,, ,,,0,0,2.5,0,0,2,0,0,0,0,0,3,1
922,1,1,16, ,1,2,0,,0.5,4000,0,, ,,,, ,,,, ,,,0,, ,,,, ,,,, ,,,0,0,1.5,0,0,1.5,0,0,0,0,0,2,1
923,1,1,14, ,4,5,0,,0,,0,, ,,,, ,,,, ,,,0,, ,,,, ,,,, ,,,0,0,5,0,2,3,0,0,0,0,0,2,1
924,1,1,16, ,1,2.5,0,,0,,0,, ,,,, ,,,, ,,,0,, ,,,, ,,,, ,,,0,0,2.5,0,0,2,0,0,0,0,0,2,1
1061,1,1,32, ,4,3.5,0,,0,,0,, ,,,, ,,,, ,,,0,, ,,,, ,,,, ,,,0,0,3.5,0,0,1.5,1.5,0,0,0,0,2,1
1062,1,1,16, ,1,0.5,0,,0,,0,, ,,,, ,,,, ,,,0,, ,,,, ,,,, ,,,0,0,0.5,0,0,0.25,0,0,0,0,0,2,1
1063,1,1,32, ,4,3,0,,0,,0,, ,,,, ,,,, ,,,0,, ,,,, ,,,, ,,,0,0,3,0,0.5,1.5,0.5,0,0,0,0,3,1
1064,1,1,37, ,4,4,0,,0,,0,, ,,,, ,,,, ,,,0,, ,,,, ,,,, ,,,0,0,4,0,1,3,0,0,0,0,0,2,1
1065,1,1,16, ,1,0.5,0,,0,,0,, ,,,, ,,,, ,,,0,, ,,,, ,,,, ,,,0,0,0.5,0,0,0.25,0,0,0,0,0,2,1
1066,1,1,32, ,4,4,0,,0,,0,, ,,,, ,,,, ,,,0,, ,,,, ,,,, ,,,0,0,4,0,0.5,2,0.5,0,0,0,0,3,1
1067,1,1,16, ,1,1,0,,0,,0,, ,,,, ,,,, ,,,0,, ,,,, ,,,, ,,,0,0,1,0,0,0.25,0,0,0,0,0,4,1
1070,1,1,22, ,4,2.25,0,,0,,0,, ,,,, ,,,, ,,,0,, ,,,, ,,,, ,,,0,0,2.25,0,0,2,0,0,0,0,0,2,1
1072,1,1,32, ,4,4,0,,0,,0,, ,,,, ,,,, ,,,0,, ,,,, ,,,, ,,,0,0,4,0,0,3.5,0.5,0,0,0,0,2,1
1073,1,1,16, ,1,0.5,0,,0,,0,, ,,,, ,,,, ,,,0,, ,,,, ,,,, ,,,0,0,0.5,0,0,0.25,0,0,0,0,0,2,1
1077,1,1,22, ,4,0.75,0,,0,,0,, ,,,, ,,,, ,,,0,, ,,,, ,,,, ,,,0,0,0.75,0,0,0.25,0,0,0,0,0,3,1
1078,1,1,22, ,4,4.25,0,,0,,0,, ,,,, ,,,, ,,,0,, ,,,, ,,,, ,,,0,0,4.25,0,0,2.25,0,0,0,0,0,3,1
1211,1,1,16, ,1,4,0,,0,,0,, ,,,, ,,,, ,,,0,, ,,,, ,,,, ,,,0,0,4,0,0,3.5,0,0,0,0,0,3,1
1213,1,1,16, ,1,3,0,,0,,0,, ,,,, ,,,, ,,,0,, ,,,, ,,,, ,,,0,0,3,0,0,3,0,0,0,0,0,2,1
1214,1,1,16, ,1,3,0,,0,,0,, ,,,, ,,,, ,,,0,, ,,,, ,,,, ,,,0,0,3,0,0,3,0,0,0,0,0,1,1
1215,1,1,16, ,1,5,2,5000,0,,0,, ,,,, ,,,, ,,,0,, ,,,, ,,,, ,,,0,0,5,0,0,5,0,0,0,0,0,2,1
1216,1,1,16, ,1,3.5,0,,0,,0,, ,,,, ,,,, ,,,0,, ,,,, ,,,, ,,,0,0,3.5,0,0,3.5,0,0,0,0,0,3,1
1219,1,1,16, ,1,4.5,0,,0,,0,, ,,,, ,,,, ,,,0,, ,,,, ,,,, ,,,0,0,4.5,0,0,4.5,0,0,0,0,0,2,1
1221,1,1,16, ,1,2,0,,0,,0,, ,,,, ,,,, ,,,0,, ,,,, ,,,, ,,,0,0,2,0,0,2,0,0,0,0,0,1,1
1222,1,1,16, ,1,3,0,,0,,0,, ,,,, ,,,, ,,,0,, ,,,, ,,,, ,,,0,0,3,0,0,2.5,0,0,0,0,0,3,1
1223,1,1,16, ,1,1.5,0,,0,,0,, ,,,, ,,,, ,,,0,, ,,,, ,,,, ,,,0,0,1.5,0,0,1,0,0,0,0,0,2,1
1224,1,1,16, ,1,3.5,0,,0,,0,, ,,,, ,,,, ,,,0,, ,,,, ,,,, ,,,0,0,3.5,0,0,3,0,0,0,0,0,2,1
1225,1,1,16, ,1,3.5,1,3000,0,,0,, ,,,, ,,,, ,,,0,, ,,,, ,,,, ,,,0,0,3.5,0,0,3.5,0,0,0,0,0,3,1
1226,1,1,16, ,1,3,0,,0,,0,, ,,,, ,,,, ,,,0,, ,,,, ,,,, ,,,0,0,3,0,0,3,0,0,0,0,0,1,1
1230,1,1,14, ,4,7.5,0,,0,,0,, ,,,, ,,,, ,,,0,, ,,,, ,,,, ,,,0,0,7.5,0,0,1,0,0,0,0,0,4,1
1232,1,1,37, ,4,9,0,,0,,0,, ,,,, ,,,, ,,,0,, ,,,, ,,,, ,,,0,0,9,0,0,2,0,0,0,0,0,6,1
1235,1,2,16, ,1,1.25,0,,0,,0,, ,,,, ,,,, ,,,0,, ,,,, ,,,, ,,,0,0,1.25,0,0,0.75,0,0,0,0,0,3,1
1237,1,1,14, ,4,6,0,,0,,0,, ,,,, ,,,, ,,,0,, ,,,, ,,,, ,,,0,0,6,0,0,3,0,0,0,0,0,3,1
1238,1,1,37, ,4,10,2,4000,0,,0,, ,,,, ,,,, ,,,0,, ,,,, ,,,, ,,,0,0,10,0,0,6,0,0,0,0,0,3,1
1239,1,1,14, ,4,4,0,,0,,0,, ,,,, ,,,, ,,,0,, ,,,, ,,,, ,,,0,0,4,0,0,2,0,0,0,0,0,3,1
1240,1,1,37, ,4,4,0,,0,,0,, ,,,, ,,,, ,,,0,, ,,,, ,,,, ,,,0,0,4,0,0,2,0,0,0,0,0,3,1
1273,1,1,16, ,1,1.5,0,,0,,0,, ,,,, ,,,, ,,,0,, ,,,, ,,,, ,,,0,0,1.5,0,0.5,1,0,0,0,0,0,2,1
1274,1,1,37, ,4,12,0,,0,,0,, ,,,, ,,,, ,,,0,, ,,,, ,,,, ,,,0,0,12,0,0,12,0,0,0,0,0,1,1
1275,1,1,14, ,4,5,0,,0,,0,, ,,,, ,,,, ,,,0,, ,,,, ,,,, ,,,0,0,5,0,2,3,0,0,0,0,0,2,1
1276,1,0,16, ,1,1.5,0,,0,,0,, ,,,, ,,,, ,,,0,, ,,,, ,,,, ,,,0,0,1.5,0,0.5,1,0,0,0,0,0,2,1
1277,1,1,37, ,4,10,0,,0,,0,, ,,,, ,,,, ,,,0,, ,,,, ,,,, ,,,0,0,10,0,2,8,0,0,0,0,0,3,1
1278,1,1,16, ,1,3.5,0,,0,,0,, ,,,, ,,,, ,,,0,, ,,,, ,,,, ,,,0,0,3.5,0,0,3,0,0,0,0,0,2,1
1280,1,1,14, ,4,10,0,,0,,0,, ,,,, ,,,, ,,,0,, ,,,, ,,,, ,,,0,0,10,0,2,8,0,0,0,0,0,2,1
1282,1,1,22, ,4,2.25,0,,0,,0,, ,,,, ,,,, ,,,0,, ,,,, ,,,, ,,,0,0,2.25,0,0.5,1.25,0,0,0,0,0,4,1
1307,1,1,37, ,4,5,0,,0,,0,, ,,,, ,,,, ,,,0,, ,,,, ,,,, ,,,0,0,5,0,1,4,0,0,0,0,0,2,1
1311,1,1,22, ,4,0.5,0,,0,,0,, ,,,, ,,,, ,,,0,, ,,,, ,,,, ,,,0,0,0.5,0,0,0.25,0,0,0,0,0,2,1
1312,1,1,22, ,4,0.75,0,,0,,0,, ,,,, ,,,, ,,,0,, ,,,, ,,,, ,,,0,0,0.75,0,0.25,0.25,0,0,0,0,0,3,1
1313,1,1,37, ,4,3.5,0,,0,,0,, ,,,, ,,,, ,,,0,, ,,,, ,,,, ,,,0,0,3.5,0,1,1,0,0,0,0,0,3,1
1314,1,1,37, ,4,5,0,,0,,0,, ,,,, ,,,, ,,,0,, ,,,, ,,,, ,,,0,0,5,0,0,2,0,0,0,0,0,3,1
1317,1,1,37, ,4,3.5,0,,0,,0,, ,,,, ,,,, ,,,0,, ,,,, ,,,, ,,,0,0,3.5,0,1,1,1,0,0,0,0,4,1
1318,1,1,37, ,4,5,0,,0,,0,, ,,,, ,,,, ,,,0,, ,,,, ,,,, ,,,0,0,5,0,2,2,0,0,0,0,0,3,1
1319,1,1,37, ,4,7,0,,0,,0,, ,,,, ,,,, ,,,0,, ,,,, ,,,, ,,,0,0,7,0,0,5,0,0,0,0,0,2,1
1320,1,1,37, ,4,2.25,0,,0,,0,, ,,,, ,,,, ,,,0,, ,,,, ,,,, ,,,0,0,2.25,0,1,1,0.25,0,0,0,0,3,1
1323,1,1,16, ,1,1,0,,0,,0,, ,,,, ,,,, ,,,0,, ,,,, ,,,, ,,,0,0,1,0,0,0.5,0,0,0,0,0,2,1
1324,1,1,16, ,1,2,0,,0,,0,, ,,,, ,,,, ,,,0,, ,,,, ,,,, ,,,0,0,2,0,0,2,0,0,0,0,0,1,1
1325,1,1,37, ,4,8,0,,0,,0,, ,,,, ,,,, ,,,0,, ,,,, ,,,, ,,,0,0,8,0,0,4,0,0,0,0,0,3,1
1326,1,1,14, ,4,4,0,,0,,0,, ,,,, ,,,, ,,,0,, ,,,, ,,,, ,,,0,0,4,0,0,4,0,0,0,0,0,1,1
1328,1,1,14, ,4,7,0,,0,,0,, ,,,, ,,,, ,,,0,, ,,,, ,,,, ,,,0,0,7,0,3,4,0,0,0,0,0,2,1
1329,1,1,14, ,4,5,0,,0,,0,, ,,,, ,,,, ,,,0,, ,,,, ,,,, ,,,0,0,5,0,2,3,0,0,0,0,0,2,1
1330,1,1,16, ,1,3,0,,0,,0,, ,,,, ,,,, ,,,0,, ,,,, ,,,, ,,,0,0,3,0,0,2,0,0,0,0,0,2,1
1331,1,1,16, ,1,4,0,,0,,0,, ,,,, ,,,, ,,,0,, ,,,, ,,,, ,,,0,0,4,0,0,4,0,0,0,0,0,2,1
1332,1,1,16, ,1,2,0,,0,,0,, ,,,, ,,,, ,,,0,, ,,,, ,,,, ,,,0,0,2,0,0,2,0,0,0,0,0,1,1
1333,1,1,37, ,4,4,4,2000,0,,0,, ,,,, ,,,, ,,,0,, ,,,, ,,,, ,,,0,0,8,0,0,6,0,0,0,0,0,3,1
1334,1,1,14, ,4,6,0,,0,,0,, ,,,, ,,,, ,,,0,, ,,,, ,,,, ,,,0,0,6,0,2,4,0,0,0,0,0,2,1
1335,1,1,16, ,1,3,1.5,16000,0,,0,, ,,,, ,,,, ,,,0,, ,,,, ,,,, ,,,0,0,4.5,0,0,1.5,0,0,0,0,0,3,1
1401,1,1,22, ,4,4,0,,0,,0,, ,,,, ,,,, ,,,0,, ,,,, ,,,, ,,,0,0,4,0,0.5,1,0,0,0,0,0,4,1
1403,1,1,22, ,4,7.5,0,,0,,0,, ,,,, ,,,, ,,,0,, ,,,, ,,,, ,,,0,0,7.5,0,0,1,0,0,0,0,0,5,1
1408,1,1,22, ,4,5.5,0,,0,,0,, ,,,, ,,,, ,,,0,, ,,,, ,,,, ,,,0,0,5.5,0,0.5,1,0,0,0,0,0,6,1
1409,1,1,22, ,4,9,0,,0,,0,, ,,,, ,,,, ,,,0,, ,,,, ,,,, ,,,0,0,9,0,2,3,0,0,0,0,0,6,1
1413,1,1,37, ,4,4,0,,0,,2,2, ,1,50,4, ,1,50,97, ,,,0,, ,,,, ,,,, ,,,0,0,4,0,0,2,0,0,0,0,0,3,1
1415,1,1,22, ,4,4.25,0,,0,,0,, ,,,, ,,,, ,,,0,, ,,,, ,,,, ,,,0,0,4.25,0,0.25,1,0,0,0,0,0,3,1
6001,1,1,37, ,4,16,0,,0,,0,, ,,,, ,,,, ,,,0,, ,,,, ,,,, ,,,0,0,16,0,0,6,2,0,2,0,0,5,1
6002,1,1,37, ,4,8,2,3000,0,,0,, ,,,, ,,,, ,,,0,, ,,,, ,,,, ,,,0,0,8,0,0,4,0,0,0,0,0,6,1
6003,1,1,37, ,4,9,0,,0,,0,, ,,,, ,,,, ,,,0,, ,,,, ,,,, ,,,0,0,9,0,0,2,0,0,0,0,0,3,1
6004,1,1,37, ,4,3,0,,0,,1,19, ,1,50,97, ,,,, ,,,0,, ,,,, ,,,, ,,,0,0,3,0,0,1,1,0,0,0,0,3,1
6005,1,1,37, ,4,11.5,0,,0,,0,, ,,,, ,,,, ,,,0,, ,,,, ,,,, ,,,0,0,11.5,0,0,4,3,0,1,0,0,6,1
6006,1,1,22, ,4,4,0,,0,,0,, ,,,, ,,,, ,,,0,, ,,,, ,,,, ,,,0,0,4,0,0,2,0,0,0,0,0,3,1
6007,1,1,22, ,4,6,0,,0,,0,, ,,,, ,,,, ,,,0,, ,,,, ,,,, ,,,0,0,6,0,0,2,0,0,0,0,0,4,1
6008,1,1,16, ,1,1,0,,0,,0,, ,,,, ,,,, ,,,0,, ,,,, ,,,, ,,,0,0,1,0,0,0.5,0,0,0,0,0,2,1
6011,1,1,37, ,4,12,0,,0,,0,, ,,,, ,,,, ,,,0,, ,,,, ,,,, ,,,0,0,12,0,0,4,0,0,0,0,0,5,1
6012,1,1,22, ,4,7,0,,0,,0,, ,,,, ,,,, ,,,0,, ,,,, ,,,, ,,,0,0,7,0,0,5,0,0,0,0,0,3,1
6013,1,1,22, ,4,6,0,,0,,0,, ,,,, ,,,, ,,,0,, ,,,, ,,,, ,,,0,0,6,0,0,6,0,0,0,0,0,1,1
6014,1,1,37, ,4,6,0,,0,,0,, ,,,, ,,,, ,,,0,, ,,,, ,,,, ,,,0,0,6,0,4,2,0,0,0,0,0,3,1
6015,1,1,37, ,4,6,0,,0,,3,3, ,1,50,99,Pepper,1,50,99,ABISH,1,50,0,, ,,,, ,,,, ,,,0,0,9,0,1,1,4,0,0,0,0,7,1
6016,1,1,37, ,4,7,0,,0,,0,, ,,,, ,,,, ,,,0,, ,,,, ,,,, ,,,0,0,7,0,0,4,0,0,0,0,0,2,1
6017,1,1,16, ,1,1.5,0,,0,,0,, ,,,, ,,,, ,,,0,, ,,,, ,,,, ,,,0,0,1.5,0,0,1,0,0,0,0,0,2,1
6019,1,1,37, ,4,2,4,2000,0,,8,99,BEANS,4,50,2, ,2,50,99,BARELY,2,50,0,, ,,,, ,,,, ,,,0,0,14,0,0,6,0,0,0,0,0,5,1
6020,1,1,14, ,4,0.625,0,,0,,0,, ,,,, ,,,, ,,,0,, ,,,, ,,,, ,,,0,0,0.625,0,0,0.625,0,0,0,0,0,1,1
6021,1,1,16, ,1,3,0,,1,25000,0,, ,,,, ,,,, ,,,0,, ,,,, ,,,, ,,,0,0,2,0,0,2,0,0,0,0,0,2,1
6022,1,1,16, ,1,2,0,,1,25000,0,, ,,,, ,,,, ,,,0,, ,,,, ,,,, ,,,0,0,1,0,0,1,0,0,0,0,0,1,1
6023,1,1,32, ,4,9.5,5,2500,0,,0,, ,,,, ,,,, ,,,0,, ,,,, ,,,, ,,,0,0,9.5,0,2,5,0.5,0,0,0,0,5,1
6024,1,1,32, ,4,5,5,2500,0,,0,, ,,,, ,,,, ,,,0,, ,,,, ,,,, ,,,0,0,5,0,2,2,1,0,0,0,0,3,1
6025,1,1,37, ,4,6,0,,0,,2,3, ,2,50,97, ,,,, ,,,0,, ,,,, ,,,, ,,,0,0,6,0,2,3,0,0,0,0,0,3,1
6026,1,1,37, ,4,8,0,,0,,0,, ,,,, ,,,, ,,,0,, ,,,, ,,,, ,,,0,0,8,0,2,4,0,0,0,0,0,3,1
6027,1,1,37, ,4,4.5,0,,0,,0,, ,,,, ,,,, ,,,0,, ,,,, ,,,, ,,,0,0,4.5,0,1.5,2,0,0,0,0,0,3,1
6028,1,1,16, ,1,2,0,,1,25000,0,, ,,,, ,,,, ,,,0,, ,,,, ,,,, ,,,0,0,1,0,0,1,0,0,0,0,0,1,1
6030,1,1,16, ,1,2.75,0,,0,,0,, ,,,, ,,,, ,,,0,, ,,,, ,,,, ,,,0,0,2.75,0,0,1,0,0,0,0,0,4,1
6031,1,1,16, ,1,1.5,0,,0,,0,, ,,,, ,,,, ,,,0,, ,,,, ,,,, ,,,0,0,1.5,0,0,1.5,0,0,0,0,0,2,1
6032,1,1,16, ,1,4,0,,0,,0,, ,,,, ,,,, ,,,0,, ,,,, ,,,, ,,,0,0,4,0,0,4,0,0,0,4,0,1,1
6033,1,1,22, ,4,2,0,,0,,0,, ,,,, ,,,, ,,,0,, ,,,, ,,,, ,,,0,0,2,0,0,1,0,0,0,0,0,2,1
6034,1,1,16, ,1,2,0,,0,,0,, ,,,, ,,,, ,,,0,, ,,,, ,,,, ,,,0,0,2,0,0,1,0,0,0,0,0,4,1
6035,1,1,14, ,4,4,0,,0,,0,, ,,,, ,,,, ,,,0,, ,,,, ,,,, ,,,0,0,4,0,2,2,0,0,0,0,0,2,1
6036,1,1,14, ,4,4,0,,0,,0,, ,,,, ,,,, ,,,0,, ,,,, ,,,, ,,,0,0,4,0,2,2,0,0,0,0,0,2,1
6037,1,1,16, ,1,4,0,,0,,0,, ,,,, ,,,, ,,,0,, ,,,, ,,,, ,,,0,0,4,0,0,3,0,0,0,0,0,2,1
6038,1,1,16, ,1,3,0,,0,,0,, ,,,, ,,,, ,,,0,, ,,,, ,,,, ,,,0,0,3,0,0,1,0,0,0,0,0,2,1
6039,1,1,16, ,1,2.5,0,,0,,0,, ,,,, ,,,, ,,,0,, ,,,, ,,,, ,,,0,0,2.5,0,0,2,0,0,0,0,0,2,1
329,1,1,37, ,4,3.5,0,,0,,0,, ,,,, ,,,, ,,,0,, ,,,, ,,,, ,,,0,0,3.5,0,0.5,1.5,2,0,1,0,0,2,1
330,1,1,37, ,4,0.75,0,,0,,0,, ,,,, ,,,, ,,,0,, ,,,, ,,,, ,,,0,0,0.75,0,0.25,0.5,0.5,0,0.25,0,0,2,1
331,1,1,37, ,4,1,0,,0,,0,, ,,,, ,,,, ,,,0,, ,,,, ,,,, ,,,0,0,1,0,0,1,1,0,1,0,0,1,1
332,1,1,37, ,4,1.5,0,,0,,0,, ,,,, ,,,, ,,,0,, ,,,, ,,,, ,,,0,0,1.5,0,0.5,1,1,0,1,0,0,2,1
333,1,1,37, ,4,3,0,,0,,0,, ,,,, ,,,, ,,,0,, ,,,, ,,,, ,,,0,0,2,0,1,1,1,0,0.5,0,0,3,1
334,1,1,37, ,4,5,0,,0,,0,, ,,,, ,,,, ,,,0,, ,,,, ,,,, ,,,0,0,4,0,1,1.5,1,0,0.5,0,0.5,4,1
335,1,1,37, ,4,1.5,0,,0,,0,, ,,,, ,,,, ,,,0,, ,,,, ,,,, ,,,0,0,1.5,0,0,1.5,0.25,0,0.5,1,0,1,1
336,1,1,37, ,4,3,0,,0,,0,, ,,,, ,,,, ,,,0,, ,,,, ,,,, ,,,0,0,1.5,0,1,0.5,1,0,0.5,0,0,2,1
337,1,1,37, ,4,3,0,,0,,0,, ,,,, ,,,, ,,,0,, ,,,, ,,,, ,,,0,0,2,0,1,1,1,0,1,0,0,2,1
338,1,1,37, ,4,3.5,0,,0,,0,, ,,,, ,,,, ,,,0,, ,,,, ,,,, ,,,0,0,3.5,0,0,3.5,0.5,0,0.5,0,0,2,1
339,1,1,37, ,4,3,0,,0,,0,, ,,,, ,,,, ,,,0,, ,,,, ,,,, ,,,0,0,3,0,1,2,1,0,0.5,0,0,2,1
340,1,1,37, ,4,3,0,,0,,0,, ,,,, ,,,, ,,,0,, ,,,, ,,,, ,,,0,0,3,0,0,3,1,0,1,0,0,1,1
341,1,1,37, ,4,3.5,0,,0,,0,, ,,,, ,,,, ,,,0,, ,,,, ,,,, ,,,0,0,2,0,0,2,1,0,0.5,0,0,1,1
342,1,1,16, ,1,0.8,0,,0,,0,, ,,,, ,,,, ,,,0,, ,,,, ,,,, ,,,0,0,0.8,0,0,0.8,0.2,0,0.2,0,0,3,1
343,1,1,37, ,4,5,0,,0,,0,, ,,,, ,,,, ,,,0,, ,,,, ,,,, ,,,0,0,3,0,1,1.5,1,0,0.5,0,0,4,1
344,1,1,37, ,4,2.5,0,,0,,0,, ,,,, ,,,, ,,,0,, ,,,, ,,,, ,,,0,0,2.5,0,1.5,1,1,0,1,0,0,3,1
345,1,1,37, ,4,2.5,0,,0,,0,, ,,,, ,,,, ,,,0,, ,,,, ,,,, ,,,0,0,2.5,0,0,2.5,0.25,0,0.25,0,0,3,1
346,1,1,37, ,4,3,0,,0,,0,, ,,,, ,,,, ,,,0,, ,,,, ,,,, ,,,0,0,3,0,0,2.5,0.5,0,0.5,2.5,0,2,1
398,1,1,37, ,4,7,1,2500,0,,0,, ,,,, ,,,, ,,,0,, ,,,, ,,,, ,,,0,0,8,0,1,6,0,0,0,0,0,3,1
399,1,1,37, ,4,1.5,0,,0,,0,, ,,,, ,,,, ,,,0,, ,,,, ,,,, ,,,0,0,1.5,0,0.5,1,0.5,0,0,0,0,2,1
400,1,1,37, ,4,8,12,4000,0,,4,2, ,4,50,97, ,,,, ,,,0,, ,,,, ,,,, ,,,0,0,21,0,0,19,0,0,1,0,0,3,1
495,1,1,37, ,4,4,0,,0,,0,, ,,,, ,,,, ,,,0,, ,,,, ,,,, ,,,0,0,3,0,0,1,1,0,0,0,0,3,1
496,1,1,37, ,4,4,0,,0,,0,, ,,,, ,,,, ,,,0,, ,,,, ,,,, ,,,0,0,4,0,1,1,1,0,0,0,0,5,1
498,1,1,37, ,4,3,0,,0,,0,, ,,,, ,,,, ,,,0,, ,,,, ,,,, ,,,0,0,3,0,1,1,0,0,0,0,0,3,1
499,1,1,37, ,4,1.75,0,,0,,0,, ,,,, ,,,, ,,,0,, ,,,, ,,,, ,,,0,0,1.75,0,0.75,1,0,0,0,0,0,2,1
500,1,1,37, ,4,3,0,,0,,0,, ,,,, ,,,, ,,,0,, ,,,, ,,,, ,,,0,0,3,0,1,2,0.5,0,0,0,0,2,1
501,1,1,37, ,4,1,0,,0,,0,, ,,,, ,,,, ,,,0,, ,,,, ,,,, ,,,0,0,1,0,0.5,0.5,0.25,0,0,0,0,2,1
502,1,1,37, ,4,5,0,,0,,0,, ,,,, ,,,, ,,,0,, ,,,, ,,,, ,,,0,0,5,0,1,2,2,0,0,0,0,3,1
504,1,1,37, ,4,4,0,,0,,0,, ,,,, ,,,, ,,,0,, ,,,, ,,,, ,,,0,0,4,0,0,3,0,0,0,0,0,3,1
505,1,1,37, ,4,4,0,,0,,0,, ,,,, ,,,, ,,,0,, ,,,, ,,,, ,,,0,0,3,0,1,1,1,0,0,0,0,3,1
507,1,1,37, ,4,6,0,,0,,0,, ,,,, ,,,, ,,,0,, ,,,, ,,,, ,,,0,0,6,0,1,4,1,0,0,0,0,3,1
508,1,2,37, ,4,1,0,,0,,0,, ,,,, ,,,, ,,,0,, ,,,, ,,,, ,,,0,0,2,0,0,2,1,0,0,0,0,2,1
510,1,1,37, ,4,2,0,,0,,2,2, ,2,50,97, ,,,, ,,,0,, ,,,, ,,,, ,,,0,0,4,0,0,4,2,0,0,0,0,2,1
511,1,1,37, ,4,2,0,,0,,0,, ,,,, ,,,, ,,,0,, ,,,, ,,,, ,,,0,0,2,0,0,1,0.25,0,0,0,0,4,1
512,1,1,37, ,4,2,0,,0,,1,99,BARLEY,1,50,97, ,,,, ,,,0,, ,,,, ,,,, ,,,0,0,3,0,0,2,0.5,0,0,0,0,2,1
1132,1,1,37, ,4,10,0,,0,,0,, ,,,, ,,,, ,,,0,, ,,,, ,,,, ,,,0,0,10,0,3,4,0,0,0,0,0,4,1
1133,1,1,37, ,4,4,0,,0,,0,, ,,,, ,,,, ,,,0,, ,,,, ,,,, ,,,0,0,4,0,1,2,0,0,0,0,0,3,1
1134,1,1,37, ,4,10,0,,0,,0,, ,,,, ,,,, ,,,0,, ,,,, ,,,, ,,,0,0,10,0,3,2,0,0,0,0,0.5,4,1
1135,1,1,37, ,4,8,0,,0,,0,, ,,,, ,,,, ,,,0,, ,,,, ,,,, ,,,0,0,8,0,2,2,0,0,0,0,0,3,1
1137,1,1,37, ,4,6,0,,0,,0,, ,,,, ,,,, ,,,0,, ,,,, ,,,, ,,,0,0,6,0,2,2,0,0,0,0,0,3,1
1138,1,1,37, ,4,4,0,,0,,0,, ,,,, ,,,, ,,,0,, ,,,, ,,,, ,,,0,0,4,0,1,1,0,0,0,0,0,3,1
1139,1,1,37, ,4,8,0,,0,,0,, ,,,, ,,,, ,,,0,, ,,,, ,,,, ,,,0,0,8,0,0,3,0,0,0,0,0,3,1
1141,1,1,37, ,4,4,0,,0,,0,, ,,,, ,,,, ,,,0,, ,,,, ,,,, ,,,0,0,4,0,1,2,0,0,0,0,0,3,1
1178,1,1,37, ,4,1,0,,0,,0,, ,,,, ,,,, ,,,0,, ,,,, ,,,, ,,,0,0,1,0,0,0.5,0,0,0,0,0,2,1
1179,1,1,37, ,4,1.5,0,,0,,0,, ,,,, ,,,, ,,,0,, ,,,, ,,,, ,,,0,0,1.5,0,0,0.5,0,0,0,0,0,2,1
1181,1,1,37, ,4,3.5,0,,0,,0,, ,,,, ,,,, ,,,0,, ,,,, ,,,, ,,,0,0,3,0,0,1,0.5,0,0,0,0,2,1
1182,1,1,37, ,4,1,0,,0,,1,19, ,1,50,97, ,,,, ,,,0,, ,,,, ,,,, ,,,0,0,2,0,0,0.5,0,0,0,0,0,3,1
1189,1,1,37, ,4,1,0,,0,,0,, ,,,, ,,,, ,,,0,, ,,,, ,,,, ,,,0,0,1,0,0.5,0.5,1,0,0,0,0,2,1
1191,1,1,37, ,4,2,0,,0,,0,, ,,,, ,,,, ,,,0,, ,,,, ,,,, ,,,0,0,2,0,0,1,1,0,0,0,0,2,1
1193,1,1,37, ,4,6,0,,0,,0,, ,,,, ,,,, ,,,0,, ,,,, ,,,, ,,,0,0,6,0,2,1,2,0,0,0,0,4,1
1194,1,1,37, ,4,3,0,,0,,0,, ,,,, ,,,, ,,,0,, ,,,, ,,,, ,,,0,0,3,0,0,1,0,0,0,0,0,3,1
1199,1,1,37, ,4,3,0,,0,,0,, ,,,, ,,,, ,,,0,, ,,,, ,,,, ,,,0,0,3,0,0,3,0,0,0,0,0,1,1
1200,1,1,37, ,4,1.5,0,,0,,0,, ,,,, ,,,, ,,,0,, ,,,, ,,,, ,,,0,0,1.5,0,0,0.5,0.5,0,0,0,0,2,1
1435,1,1,37, ,4,6,0,,0,,6,2, ,4,50,19, ,1,50,99,BEANS,1,50,0,, ,,,, ,,,, ,,,0,0,6,0,0,4,0,0,0,0,0,3,1
1436,1,1,37, ,4,4,0,,0,,0,, ,,,, ,,,, ,,,0,, ,,,, ,,,, ,,,0,0,4,0,1,2,0,0,0,0,0,3,1
1439,1,1,37, ,4,7,2,2000,0,,0,, ,,,, ,,,, ,,,0,, ,,,, ,,,, ,,,0,0,9,0,0,4,0,0,0,0,0,4,1
1440,1,1,37, ,4,8,0,,0,,0,, ,,,, ,,,, ,,,0,, ,,,, ,,,, ,,,0,0,7,0,0,6,1,0,1,0,0,3,1
1441,1,1,37, ,4,4,0,,0,,0,, ,,,, ,,,, ,,,0,, ,,,, ,,,, ,,,0,0,4,0,0,2,0,0,0,0,0,2,1
1442,1,1,37, ,4,4,0,,0,,0,, ,,,, ,,,, ,,,0,, ,,,, ,,,, ,,,0,0,3,0,0,3,0,0,0,0,0,1,1
1443,1,1,37, ,4,1,4,3500,0,,0,, ,,,, ,,,, ,,,0,, ,,,, ,,,, ,,,0,0,5,0,0,4,0,0,0,0,0,2,1
1468,1,1,37, ,4,5,0,,0,,0,, ,,,, ,,,, ,,,0,, ,,,, ,,,, ,,,0,0,5,0,1.5,1,0,0,0,0,0,4,1
1470,1,1,37, ,4,13,0,,0,,0,, ,,,, ,,,, ,,,0,, ,,,, ,,,, ,,,0,0,13,0,4,2,0,0,0,0,0,5,1
1472,1,1,37, ,4,4,0,,2,7500,0,, ,,,, ,,,, ,,,0,, ,,,, ,,,, ,,,0,0,2,0,0.5,1,0,0,0,0,0,3,1
1473,1,1,37, ,4,4,0,,0,,0,, ,,,, ,,,, ,,,0,, ,,,, ,,,, ,,,0,0,3,0,1,2,0,0,0,0,0,2,1
1475,1,1,37, ,4,5,0,,0,,0,, ,,,, ,,,, ,,,0,, ,,,, ,,,, ,,,0,0,5,0,0,4,0,0,0,0,0,2,1
1477,1,1,37, ,4,10,0,,0,,0,, ,,,, ,,,, ,,,0,, ,,,, ,,,, ,,,0,0,10,0,2,4,0,0,0,0,0,4,1
1478,1,1,37, ,4,4,0,,0,,0,, ,,,, ,,,, ,,,0,, ,,,, ,,,, ,,,0,0,4,0,0,4,2,0,2,4,0,1,1
1479,1,1,37, ,4,3,0,,0,,0,, ,,,, ,,,, ,,,0,, ,,,, ,,,, ,,,0,0,3,0,1,2,0,0,0,0,0,2,1
1480,1,1,37, ,4,6,4,3750,0,,0,, ,,,, ,,,, ,,,0,, ,,,, ,,,, ,,,0,0,10,0,3,1,0,0,0,0,0,5,1
1481,1,1,37, ,4,4,0,,0,,0,, ,,,, ,,,, ,,,0,, ,,,, ,,,, ,,,0,0,4,0,0,4,2,0,2,0,0,1,1
1595,1,1,37, ,4,11,0,,0,,0,, ,,,, ,,,, ,,,0,, ,,,, ,,,, ,,,0,0,11,0,0,4,0,0,0,0,0,3,1
1597,1,1,37, ,4,11,0,,0,,0,, ,,,, ,,,, ,,,0,, ,,,, ,,,, ,,,0,0,11,0,0,3,0,0,0,0,0,4,1
1598,1,1,37, ,4,12,0,,0,,0,, ,,,, ,,,, ,,,0,, ,,,, ,,,, ,,,0,0,11,0,2,2,1,0,0,0,0,5,1
1599,1,1,37, ,4,10,0,,0,,0,, ,,,, ,,,, ,,,0,, ,,,, ,,,, ,,,0,0,10,0,0,4,0,0,0,0,0,4,1
1600,1,1,37, ,4,8,0,,0,,0,, ,,,, ,,,, ,,,0,, ,,,, ,,,, ,,,0,0,8,0,4,4,0,0,0,0,0,2,1
1694,1,2,37, ,4,6,0,,0,,0,, ,,,, ,,,, ,,,0,, ,,,, ,,,, ,,,0,0,6,0,1,4,0,0,0,0,0,3,1
1695,1,1,37, ,4,5,0,,0,,0,, ,,,, ,,,, ,,,0,, ,,,, ,,,, ,,,0,0,5,0,0,3,0,0,0,0,0,3,1
1697,1,1,37, ,4,4,0,,0,,0,, ,,,, ,,,, ,,,0,, ,,,, ,,,, ,,,0,0,4,0,1,3,1,0,1,0,0,2,1
1698,1,1,37, ,4,13,0,,0,,0,, ,,,, ,,,, ,,,0,, ,,,, ,,,, ,,,0,0,13,0,3,4,0,0,0,0,0,4,1
1699,1,1,37, ,4,12,0,,0,,0,, ,,,, ,,,, ,,,0,, ,,,, ,,,, ,,,0,0,12,0,0,4,0,0,0,0,0,3,1
1700,1,1,37, ,4,6,0,,0,,0,, ,,,, ,,,, ,,,0,, ,,,, ,,,, ,,,0,0,6,0,0,4,2,0,2,0,0,2,1
1731,1,1,37, ,4,7,0,,0,,6,2, ,0,0,97, ,,,, ,,,0,, ,,,, ,,,, ,,,0,0,7,0,0,6,0,0,0,0,0,2,1
1732,1,1,37, ,4,4,0,,0,,0,, ,,,, ,,,, ,,,0,, ,,,, ,,,, ,,,0,0,4,0,0,3,1,0,1,0,0,2,1
1733,1,1,37, ,4,4,0,,0,,3,2, ,2,50,99,PEA,1,50,97, ,,,0,, ,,,, ,,,, ,,,0,0,7,0,0,2,0,0,0,0,0,4,1
1734,1,1,37, ,4,5,0,,0,,0,, ,,,, ,,,, ,,,0,, ,,,, ,,,, ,,,0,0,5,0,0,1,0,0,0,0,0,3,1
1735,1,1,37, ,4,4,0,,0,,0,, ,,,, ,,,, ,,,0,, ,,,, ,,,, ,,,0,0,4,0,0,4,0,0,0,0,0,3,1
1739,1,1,37, ,4,8,0,,0,,0,, ,,,, ,,,, ,,,0,, ,,,, ,,,, ,,,0,0,8,0,0,4,0,0,0,0,0,3,1
1740,1,1,37, ,4,1,0,,0,,2,2, ,2,50,97, ,,,, ,,,0,, ,,,, ,,,, ,,,0,0,3,0,0,2,0,0,0,0,0,2,1
1752,1,1,37, ,4,4.25,0,,0,,0,, ,,,, ,,,, ,,,0,, ,,,, ,,,, ,,,0,0,4.25,0,0,3,0,0,0,0,0,3,1
1754,1,1,37, ,4,1.5,0,,0,,0,, ,,,, ,,,, ,,,0,, ,,,, ,,,, ,,,0,0,1.25,0,0,0.25,0.5,0,0.5,0,0,2,1
1756,1,1,37, ,4,5,0,,0,,0,, ,,,, ,,,, ,,,0,, ,,,, ,,,, ,,,0,0,5,0,4,0.75,0,0,0,0,0,3,1
1760,1,1,37, ,4,4,0,,0,,0,, ,,,, ,,,, ,,,0,, ,,,, ,,,, ,,,0,0,4,0,3,1,0,0,0,0,0,2,1
1762,1,1,37, ,4,4.75,0,,0,,0,, ,,,, ,,,, ,,,0,, ,,,, ,,,, ,,,0,0,4.75,0,3,1,0,0,0,0,0,3,1
1763,1,1,37, ,4,4,0,,0,,0,, ,,,, ,,,, ,,,0,, ,,,, ,,,, ,,,0,0,4,0,1,3,0.75,0,1.5,0,0,2,1
1766,1,1,37, ,4,6,0,,0,,0,, ,,,, ,,,, ,,,0,, ,,,, ,,,, ,,,0,0,6,0,2,2,0,0,0,0,0,3,1
1767,1,1,37, ,4,3,0,,0,,0,, ,,,, ,,,, ,,,0,, ,,,, ,,,, ,,,0,0,3,0,2,1,0,0,0,0,0,2,1
1769,1,1,37, ,4,6,0,,0,,3,3, ,2,50,2, ,1,50,97, ,,,0,, ,,,, ,,,, ,,,0,0,9,0,6,1,0,0,0,0,0,4,1
1771,1,1,37, ,4,2.5,0,,0,,0,, ,,,, ,,,, ,,,0,, ,,,, ,,,, ,,,0,0,2.5,0,1,1.5,0,0,0.5,0.5,0,2,1
1773,1,1,37, ,4,1.5,0,,0,,0,, ,,,, ,,,, ,,,0,, ,,,, ,,,, ,,,0,0,1.5,0,1,0.5,0,0,0,0,0,2,1
1774,1,1,37, ,4,0.5,0,,0,,4,3, ,2,50,19, ,2,50,97, ,,,0,, ,,,, ,,,, ,,,0,0,4.5,0,2,0.5,0,0,0,0,0,3,1
1778,1,1,37, ,4,5,0,,0,,0,, ,,,, ,,,, ,,,0,, ,,,, ,,,, ,,,0,0,4,0,2,0.5,0,0,0,0,0,4,1
1779,1,1,37, ,4,4,0,,0,,1,3, ,1,50,97, ,,,, ,,,0,, ,,,, ,,,, ,,,0,0,4,0,1,1,4,0,4,0,0,3,1
1780,1,1,37, ,4,2,0,,0,,0,, ,,,, ,,,, ,,,0,, ,,,, ,,,, ,,,0,0,1.5,0,1,0.5,0,0,1,0,0,2,1
1784,1,1,37, ,4,8,0,,0,,0,, ,,,, ,,,, ,,,0,, ,,,, ,,,, ,,,0,0,8,0,4,1,0,0,0,0,0,4,1
1786,1,1,37, ,4,4,0,,0,,0,, ,,,, ,,,, ,,,0,, ,,,, ,,,, ,,,0,0,4,0,1.5,0.5,0,0,0,0,0,3,1
1787,1,1,36, ,4,4,1,1500,0,,0,, ,,,, ,,,, ,,,0,, ,,,, ,,,, ,,,0,0,5,0,3,0.5,0,0,0,0,0,5,1
1861,1,1,37, ,4,0.5,0,,0,,0,, ,,,, ,,,, ,,,0,, ,,,, ,,,, ,,,0,0,0.5,0,0,0.25,0,0,0,0,0,2,1
1862,1,1,37, ,4,2,0,,0,,0,, ,,,, ,,,, ,,,0,, ,,,, ,,,, ,,,0,0,2,0,0,2,0.5,0,0.5,0,0,1,1
1863,1,1,37, ,4,3,0,,0,,0,, ,,,, ,,,, ,,,0,, ,,,, ,,,, ,,,0,0,3,0,1,1,0.5,0,0,0,0,3,1
1864,1,1,37, ,4,1,0,,0,,0,, ,,,, ,,,, ,,,0,, ,,,, ,,,, ,,,0,0,1,0,0.5,0.5,0,0,0,0,0,2,1
1867,1,1,37, ,4,2,0,,0,,0,, ,,,, ,,,, ,,,0,, ,,,, ,,,, ,,,0,0,2,0,0,1,0,0,0,0,0,2,1
1868,1,1,37, ,4,3,0,,0,,0,, ,,,, ,,,, ,,,0,, ,,,, ,,,, ,,,0,0,3,0,1,0.5,1,0,0,0,0,3,1
1869,1,1,37, ,4,1,0,,0,,0,, ,,,, ,,,, ,,,0,, ,,,, ,,,, ,,,0,0,1,0,0,1,1,0,1,0,0,1,1
1870,1,1,37, ,4,1,0,,0,,0,, ,,,, ,,,, ,,,0,, ,,,, ,,,, ,,,0,0,1,0,0,0.5,0.5,0,0,0,0,2,1
1873,1,1,37, ,4,3.5,0,,0,,0,, ,,,, ,,,, ,,,0,, ,,,, ,,,, ,,,0,0,3.5,0,1,1,0.5,0,0,0,0,4,1
1874,1,1,37, ,4,3.25,0,,0,,0,, ,,,, ,,,, ,,,0,, ,,,, ,,,, ,,,0,0,3.25,0,1,2,0.5,0,0,0,0,3,1
1876,1,1,37, ,4,4,0,,0,,0,, ,,,, ,,,, ,,,0,, ,,,, ,,,, ,,,0,0,4,0,0,2,1,0,1,0,0,3,1
1877,1,1,37, ,4,2,0,,0,,0,, ,,,, ,,,, ,,,0,, ,,,, ,,,, ,,,0,0,2,0,0.5,0.5,0,0,0,0,0,3,1
1905,1,1,37, ,4,3.5,0,,0,,0,, ,,,, ,,,, ,,,0,, ,,,, ,,,, ,,,0,0,2.5,0,0,1.5,0,0,0.5,0,0,2,1
1907,1,1,37, ,4,1.5,0,,0,,0,, ,,,, ,,,, ,,,0,, ,,,, ,,,, ,,,0,0,1.5,0,0,1.5,0,0,0,0,0,1,1
2040,1,1,37, ,4,19,0,,0,,0,, ,,,, ,,,, ,,,0,, ,,,, ,,,, ,,,0,0,19,0,3,6,0,0,0,0,0,5,1
2041,1,1,37, ,4,5,0,,0,,0,, ,,,, ,,,, ,,,0,, ,,,, ,,,, ,,,0,0,5,0,0,3,1,0,1,0,0,3,1
2042,1,1,37, ,4,7,0,,0,,0,, ,,,, ,,,, ,,,0,, ,,,, ,,,, ,,,0,0,7,0,0,6,0,0,0,0,0,2,1
2043,1,1,37, ,4,6,0,,0,,0,, ,,,, ,,,, ,,,0,, ,,,, ,,,, ,,,0,0,6,0,0,4,2,0,2,0,0,2,1
2044,1,1,37, ,4,20,0,,0,,0,, ,,,, ,,,, ,,,0,, ,,,, ,,,, ,,,0,0,18,0,4,4,2,0,0,0,0,5,1
2045,1,1,37, ,4,11,0,,0,,0,, ,,,, ,,,, ,,,0,, ,,,, ,,,, ,,,0,0,11,0,1,3,0,0,0,0,0,6,1
2046,1,1,37, ,4,7,0,,0,,0,, ,,,, ,,,, ,,,0,, ,,,, ,,,, ,,,0,0,7,0,2,2,0,0,0,0,0,4,1
2047,1,1,37, ,4,6,0,,0,,0,, ,,,, ,,,, ,,,0,, ,,,, ,,,, ,,,0,0,6,0,0,3,0,0,0,0,0,4,1
2048,1,1,37, ,4,8,0,,0,,0,, ,,,, ,,,, ,,,0,, ,,,, ,,,, ,,,0,0,8,0,1,4,0,0,0,0,0,5,1
2049,1,1,37, ,4,8,0,,0,,0,, ,,,, ,,,, ,,,0,, ,,,, ,,,, ,,,0,0,8,0,4,2,0,0,0,0,0,3,1
2050,1,1,37, ,4,6,0,,0,,0,, ,,,, ,,,, ,,,0,, ,,,, ,,,, ,,,0,0,6,0,1,4,0,0,0,0,0,3,1
5001,1,1,37, ,4,6,0,,0,,1,99,PEPERCORN,1,50,97, ,,,, ,,,0,, ,,,, ,,,, ,,,0,0,7,0,4,2,0,0,0,0,0,3,1
5002,1,1,37, ,4,18,2,2500,0,,3,2, ,3,50,97, ,,,, ,,,0,, ,,,, ,,,, ,,,0,0,19,0,0,13,0,0,0,0,0,6,1
5003,1,1,37, ,4,2,0,,0,,0,, ,,,, ,,,, ,,,0,, ,,,, ,,,, ,,,0,0,2,0,0,1,0,0,0,0,0,2,1
5004,1,1,37, ,4,8,0,,0,,0,, ,,,, ,,,, ,,,0,, ,,,, ,,,, ,,,0,0,8,0,4,2,1.5,0,0,0,0,3,1
5005,1,1,37, ,4,2,0,,0,,0,, ,,,, ,,,, ,,,0,, ,,,, ,,,, ,,,0,0,2,0,0,0.5,0,0,0,0,0,3,1
5006,1,1,36, ,4,1,0,,0,,0.5,2, ,0.5,50,97, ,,,, ,,,0,, ,,,, ,,,, ,,,0,0,1.5,0,0,0.5,0,0,0,0,0,2,1
5007,1,1,37, ,4,2.5,2,4000,0,,0,, ,,,, ,,,, ,,,0,, ,,,, ,,,, ,,,0,0,4.5,0,1.5,1,1,0,0,0,0,5,1
5008,1,1,37, ,4,3,3,2500,0,,0,, ,,,, ,,,, ,,,0,, ,,,, ,,,, ,,,0,0,2.5,0,0,1,0.5,0,0.5,0,0,3,1
5009,1,1,37, ,4,3,0,,0,,0,, ,,,, ,,,, ,,,0,, ,,,, ,,,, ,,,0,0,3,0,0.25,1,0,0,0,0,0,3,1
5010,1,1,37, ,4,2,0,,0,,0,, ,,,, ,,,, ,,,0,, ,,,, ,,,, ,,,0,0,2,0,0,1.5,0,0,0,0,0,2,1
5011,1,1,37, ,4,3,0,,0,,4,2, ,2,50,99,BEAN,2,50,97, ,,,0,, ,,,, ,,,, ,,,0,0,7,0,1,2,2,0,0,0,0,4,1
5012,1,1,37, ,4,1.5,0,,0,,0,, ,,,, ,,,, ,,,0,, ,,,, ,,,, ,,,0,0,1.5,0,0,1,1,0,1,0,0,2,1
5013,1,1,37, ,4,1.5,0,,0,,0,, ,,,, ,,,, ,,,0,, ,,,, ,,,, ,,,0,0,1.5,0,0,1,1,0,0,0,0,3,1
5014,1,1,37, ,4,0.75,1,1000,0,,0,, ,,,, ,,,, ,,,0,, ,,,, ,,,, ,,,0,0,1.75,0,0.25,0.5,0.25,0,0,0,0,3,1
5015,1,1,37, ,4,2,0,,0,,0,, ,,,, ,,,, ,,,0,, ,,,, ,,,, ,,,0,0,2,0,0.5,0.5,0,0,0,0,0,3,1
5016,1,1,37, ,4,4.5,0,,0,,0,, ,,,, ,,,, ,,,0,, ,,,, ,,,, ,,,0,0,4.5,0,3,0.5,0,0,0,0,0,3,1
5017,1,1,37, ,4,3.5,0,,0,,0,, ,,,, ,,,, ,,,0,, ,,,, ,,,, ,,,0,0,2,0,0,1.5,0.5,0,1,0,0,2,1
5018,1,1,37, ,4,2.5,0,,0,,0,, ,,,, ,,,, ,,,0,, ,,,, ,,,, ,,,0,0,2.5,0,2,0.5,0,0,0.25,0,0,2,1
5019,1,1,37, ,4,4,0,,0,,0,, ,,,, ,,,, ,,,0,, ,,,, ,,,, ,,,0,0,1,0,0,1,0,0,2,0,0,2,1
5020,1,1,37, ,4,8,7,2500,0,,0,, ,,,, ,,,, ,,,0,, ,,,, ,,,, ,,,0,0,1,0,0,1,7,0,7,0,0,2,1
5021,1,1,37, ,4,7,0,,0,,0,, ,,,, ,,,, ,,,0,, ,,,, ,,,, ,,,0,0,7,0,5,1,0,0,0,0,0,3,1
5022,1,1,37, ,4,7,0,,0,,4,3, ,1,50,97, ,,,, ,,,0,, ,,,, ,,,, ,,,0,0,3.5,0,3,0.5,3,0,1,0,0,2,1
5023,1,1,37, ,4,2,0,,0,,0,, ,,,, ,,,, ,,,0,, ,,,, ,,,, ,,,0,0,2,0,0,2,2,0,2,0,0,2,1
5024,1,1,37, ,4,3,0,,0,,0,, ,,,, ,,,, ,,,0,, ,,,, ,,,, ,,,0,0,3,0,0,2,0,0,0,0,0,2,1
5025,1,1,37, ,4,6,0,,0,,0,, ,,,, ,,,, ,,,0,, ,,,, ,,,, ,,,0,0,6,0,0,3,0,0,0,0,0,4,1
5026,1,1,37, ,4,11,0,,0,,0,, ,,,, ,,,, ,,,0,, ,,,, ,,,, ,,,0,0,11,0,0,2,0,0,0,0,0,4,1
5027,1,1,37, ,4,5,0,,0,,0,, ,,,, ,,,, ,,,0,, ,,,, ,,,, ,,,0,0,5,0,0,4,0,0,0,0,0,2,1
5028,1,1,37, ,4,3,0,,0,,0,, ,,,, ,,,, ,,,0,, ,,,, ,,,, ,,,0,0,3,0,1,1.5,0,0,0,0,0,3,1
5029,1,1,37, ,4,2,0,,0,,2,2, ,2,50,97, ,,,, ,,,0,, ,,,, ,,,, ,,,0,0,4,0,0,2,0,0,0,0,0,3,1
5030,1,1,37, ,4,9,0,,0,,0,, ,,,, ,,,, ,,,0,, ,,,, ,,,, ,,,0,0,9,0,1,4,0,0,0,0,0,4,1
5031,1,1,37, ,4,4,20,1000,0,,0,, ,,,, ,,,, ,,,0,, ,,,, ,,,, ,,,0,0,24,0,2,11,0,0,0,0,0,8,1
5032,1,1,37, ,4,10,20,1000,0,,0,, ,,,, ,,,, ,,,0,, ,,,, ,,,, ,,,0,0,25,0,5,20,0,0,0,0,0,4,1
5033,1,1,37, ,4,6,0,,0,,0,, ,,,, ,,,, ,,,0,, ,,,, ,,,, ,,,0,0,6,0,0,4.5,2,0,1.5,0,0,3,1
5034,1,1,37, ,4,12,0,,0,,0,, ,,,, ,,,, ,,,0,, ,,,, ,,,, ,,,0,0,12,0,2,3,0,0,0,0,0,4,1
5035,1,1,37, ,4,5,0,,0,,0,, ,,,, ,,,, ,,,0,, ,,,, ,,,, ,,,0,0,5,0,0,2,1,0,1,0,0,3,1
5036,1,1,37, ,4,8,0,,0,,0,, ,,,, ,,,, ,,,0,, ,,,, ,,,, ,,,0,0,8,0,0,4,0,0,0,0,0,3,1
